/*
SQLyog Ultimate v12.08 (64 bit)
MySQL - 5.6.40-log : Database - codeworld-vue-system
*********************************************************************
*/

/*!40101 SET NAMES utf8 */;

/*!40101 SET SQL_MODE=''*/;

/*!40014 SET @OLD_UNIQUE_CHECKS=@@UNIQUE_CHECKS, UNIQUE_CHECKS=0 */;
/*!40014 SET @OLD_FOREIGN_KEY_CHECKS=@@FOREIGN_KEY_CHECKS, FOREIGN_KEY_CHECKS=0 */;
/*!40101 SET @OLD_SQL_MODE=@@SQL_MODE, SQL_MODE='NO_AUTO_VALUE_ON_ZERO' */;
/*!40111 SET @OLD_SQL_NOTES=@@SQL_NOTES, SQL_NOTES=0 */;
CREATE DATABASE /*!32312 IF NOT EXISTS*/`codeworld-vue-system` /*!40100 DEFAULT CHARACTER SET utf8 */;

USE `codeworld-vue-system`;

/*Table structure for table `codeworld_job` */

DROP TABLE IF EXISTS `codeworld_job`;

CREATE TABLE `codeworld_job` (
  `t_job_id` bigint(20) NOT NULL COMMENT '任务Id',
  `t_job_bean_name` varchar(255) DEFAULT NULL COMMENT '任务名称',
  `t_job_method_name` varchar(255) DEFAULT NULL COMMENT '任务方法',
  `t_job_params` varchar(255) DEFAULT NULL COMMENT '任务参数',
  `t_job_cron_expression` varchar(255) DEFAULT NULL COMMENT '任务cron表达式',
  `t_job_status` int(1) DEFAULT '0' COMMENT '任务状态 1--启动  0--停用',
  `t_job_remark` varchar(255) DEFAULT NULL COMMENT '任务简介',
  `t_job_create_time` datetime DEFAULT NULL COMMENT '任务创建时间',
  `t_job_update_time` datetime DEFAULT NULL COMMENT '任务更新时间',
  PRIMARY KEY (`t_job_id`) USING BTREE
) ENGINE=InnoDB DEFAULT CHARSET=utf8;

/*Data for the table `codeworld_job` */

insert  into `codeworld_job`(`t_job_id`,`t_job_bean_name`,`t_job_method_name`,`t_job_params`,`t_job_cron_expression`,`t_job_status`,`t_job_remark`,`t_job_create_time`,`t_job_update_time`) values (500905,'testTask','test','test','0/2 * * * * ?',0,'测试参数','2020-09-25 00:00:00','2020-09-25 00:00:00'),(747322,'测试任务','测试名称','测试参数','0/2 * * * * ?',0,'测试备注','2020-09-25 11:51:17','2020-09-25 11:51:17');

/*Table structure for table `codeworld_job_log` */

DROP TABLE IF EXISTS `codeworld_job_log`;

CREATE TABLE `codeworld_job_log` (
  `t_job_log_id` bigint(20) NOT NULL COMMENT '任务日志主键Id',
  `t_job_id` bigint(20) NOT NULL COMMENT '任务Id',
  `t_job_bean_name` varchar(255) DEFAULT NULL COMMENT '任务名称',
  `t_job_method_name` varchar(255) DEFAULT NULL COMMENT '任务方法名称',
  `t_job_params` varchar(255) DEFAULT NULL COMMENT '任务方法参数',
  `t_job_status` int(1) DEFAULT NULL COMMENT '任务状态1--成功 -1失败',
  `t_job_log_error` text COMMENT '错误信息',
  `t_job_log_time` bigint(20) DEFAULT NULL COMMENT '耗时',
  `t_job_log_create_time` datetime DEFAULT NULL COMMENT '创建时间',
  PRIMARY KEY (`t_job_log_id`) USING BTREE
) ENGINE=InnoDB DEFAULT CHARSET=utf8;

/*Data for the table `codeworld_job_log` */

insert  into `codeworld_job_log`(`t_job_log_id`,`t_job_id`,`t_job_bean_name`,`t_job_method_name`,`t_job_params`,`t_job_status`,`t_job_log_error`,`t_job_log_time`,`t_job_log_create_time`) values (407,747322,'测试任务','测试名称','测试参数',0,'org.springframework.beans.factory.NoSuchBeanDefinitionException: No bean named \'测试任务\' available',1,'2020-09-25 11:56:40'),(20217,500905,'testTask','test','test',0,'java.lang.ArithmeticException: / by zero',1,'2020-09-25 00:00:00'),(37165,500905,'testTask','test','test',1,NULL,2,'2020-09-25 00:00:00'),(55148,500905,'testTask','test','test',0,'java.lang.ArithmeticException: / by zero',0,'2020-09-25 11:46:10'),(59257,500905,'testTask','test','test',1,NULL,0,'2020-09-25 14:24:28'),(75338,747322,'测试任务','测试名称','测试参数',0,'org.springframework.beans.factory.NoSuchBeanDefinitionException: No bean named \'测试任务\' available',0,'2020-09-25 11:57:06'),(75504,747322,'测试任务','测试名称','测试参数',0,'org.springframework.beans.factory.NoSuchBeanDefinitionException: No bean named \'测试任务\' available',0,'2020-09-25 11:57:44'),(78430,747322,'测试任务','测试名称','测试参数',0,'org.springframework.beans.factory.NoSuchBeanDefinitionException: No bean named \'测试任务\' available',0,'2020-09-25 11:52:12'),(78954,747322,'测试任务','测试名称','测试参数',0,'org.springframework.beans.factory.NoSuchBeanDefinitionException: No bean named \'测试任务\' available',0,'2020-09-25 11:52:26'),(79150,500905,'testTask','test','test',1,NULL,NULL,'2020-09-25 00:00:00'),(87758,747322,'测试任务','测试名称','测试参数',0,'org.springframework.beans.factory.NoSuchBeanDefinitionException: No bean named \'测试任务\' available',0,'2020-09-25 11:52:32'),(92932,747322,'测试任务','测试名称','测试参数',0,'org.springframework.beans.factory.NoSuchBeanDefinitionException: No bean named \'测试任务\' available',0,'2020-09-25 11:57:12'),(94772,500905,'testTask','test','test',1,NULL,3,'2020-09-25 00:00:00'),(99368,500905,'testTask','test','test',1,NULL,1,'2020-09-25 14:24:32'),(99402,500905,'testTask','test','test',0,'java.lang.ArithmeticException: / by zero',1,'2020-09-25 00:00:00'),(104989,747322,'测试任务','测试名称','测试参数',0,'org.springframework.beans.factory.NoSuchBeanDefinitionException: No bean named \'测试任务\' available',0,'2020-09-25 14:24:26'),(107258,500905,'testTask','test','test',1,NULL,0,'2020-09-25 00:00:00'),(108720,747322,'测试任务','测试名称','测试参数',0,'org.springframework.beans.factory.NoSuchBeanDefinitionException: No bean named \'测试任务\' available',0,'2020-09-25 14:24:30'),(109729,500905,'testTask','test','test',0,'java.lang.ArithmeticException: / by zero',1,'2020-09-25 11:46:16'),(110386,747322,'测试任务','测试名称','测试参数',0,'org.springframework.beans.factory.NoSuchBeanDefinitionException: No bean named \'测试任务\' available',1,'2020-09-25 11:56:28'),(113806,747322,'测试任务','测试名称','测试参数',0,'org.springframework.beans.factory.NoSuchBeanDefinitionException: No bean named \'测试任务\' available',0,'2020-09-25 11:57:36'),(130669,500905,'testTask','test','test',1,NULL,NULL,'2020-09-25 00:00:00'),(130946,747322,'测试任务','测试名称','测试参数',0,'org.springframework.beans.factory.NoSuchBeanDefinitionException: No bean named \'测试任务\' available',0,'2020-09-25 11:56:20'),(131342,747322,'测试任务','测试名称','测试参数',0,'org.springframework.beans.factory.NoSuchBeanDefinitionException: No bean named \'测试任务\' available',0,'2020-09-25 11:52:08'),(141680,500905,'testTask','test','test',0,'java.lang.ArithmeticException: / by zero',1,'2020-09-25 11:46:24'),(147365,500905,'testTask','test','test',1,NULL,1,'2020-09-25 00:00:00'),(149707,500905,'testTask','test','test',0,'java.lang.ArithmeticException: / by zero',1,'2020-09-25 00:00:00'),(152976,500905,'testTask','test','test',1,NULL,1,'2020-09-25 00:00:00'),(156713,500905,'testTask','test','test',1,NULL,1,'2020-09-25 00:00:00'),(157142,500905,'testTask','test','test',0,'java.lang.ArithmeticException: / by zero',1,'2020-09-25 10:51:36'),(159975,500905,'testTask','test','test',0,'java.lang.ArithmeticException: / by zero',1,'2020-09-25 00:00:00'),(164234,500905,'testTask','test','test',1,NULL,NULL,'2020-09-25 00:00:00'),(164530,747322,'测试任务','测试名称','测试参数',0,'org.springframework.beans.factory.NoSuchBeanDefinitionException: No bean named \'测试任务\' available',5,'2020-09-25 11:52:42'),(167439,747322,'测试任务','测试名称','测试参数',0,'org.springframework.beans.factory.NoSuchBeanDefinitionException: No bean named \'测试任务\' available',0,'2020-09-25 11:52:38'),(169407,500905,'testTask','test','test',0,'java.lang.ArithmeticException: / by zero',1,'2020-09-25 11:46:22'),(170400,500905,'testTask','test','test',1,NULL,1,'2020-09-25 14:24:25'),(172394,500905,'testTask','test','test',1,NULL,1,'2020-09-25 00:00:00'),(174045,500905,'testTask','test','test',1,NULL,5,'2020-09-25 14:24:12'),(174389,500905,'testTask','test','test',1,NULL,13,'2020-09-25 14:24:02'),(176618,747322,'测试任务','测试名称','测试参数',0,'org.springframework.beans.factory.NoSuchBeanDefinitionException: No bean named \'测试任务\' available',0,'2020-09-25 11:56:34'),(192280,500905,'testTask','test','test',0,'java.lang.ArithmeticException: / by zero',1,'2020-09-25 00:00:00'),(194520,747322,'测试任务','测试名称','测试参数',0,'org.springframework.beans.factory.NoSuchBeanDefinitionException: No bean named \'测试任务\' available',0,'2020-09-25 11:57:08'),(209408,500905,'testTask','test','test',1,NULL,1,'2020-09-25 00:00:00'),(211409,747322,'测试任务','测试名称','测试参数',0,'org.springframework.beans.factory.NoSuchBeanDefinitionException: No bean named \'测试任务\' available',1,'2020-09-25 11:57:23'),(211517,500905,'testTask','test','test',1,NULL,NULL,'2020-09-25 00:00:00'),(211707,747322,'测试任务','测试名称','测试参数',0,'org.springframework.beans.factory.NoSuchBeanDefinitionException: No bean named \'测试任务\' available',0,'2020-09-25 11:56:52'),(214086,500905,'testTask','test','test',1,NULL,1,'2020-09-25 00:00:00'),(216374,500905,'testTask','test','test',1,NULL,1,'2020-09-25 00:00:00'),(219936,747322,'测试任务','测试名称','测试参数',0,'org.springframework.beans.factory.NoSuchBeanDefinitionException: No bean named \'测试任务\' available',0,'2020-09-25 11:52:20'),(221538,500905,'testTask','test','test',1,NULL,NULL,'2020-09-25 00:00:00'),(238133,747322,'测试任务','测试名称','测试参数',0,'org.springframework.beans.factory.NoSuchBeanDefinitionException: No bean named \'测试任务\' available',0,'2020-09-25 11:57:10'),(246913,747322,'测试任务','测试名称','测试参数',0,'org.springframework.beans.factory.NoSuchBeanDefinitionException: No bean named \'测试任务\' available',0,'2020-09-25 11:56:24'),(253039,500905,'testTask','test','test',0,'java.lang.ArithmeticException: / by zero',1,'2020-09-25 00:00:00'),(264091,500905,'testTask','test','test',1,NULL,NULL,'2020-09-25 00:00:00'),(265645,747322,'测试任务','测试名称','测试参数',0,'org.springframework.beans.factory.NoSuchBeanDefinitionException: No bean named \'测试任务\' available',1,'2020-09-25 11:52:14'),(273865,500905,'testTask','test','test',0,'java.lang.ArithmeticException: / by zero',0,'2020-09-25 00:00:00'),(287809,747322,'测试任务','测试名称','测试参数',0,'org.springframework.beans.factory.NoSuchBeanDefinitionException: No bean named \'测试任务\' available',0,'2020-09-25 11:56:22'),(288038,747322,'测试任务','测试名称','测试参数',0,'org.springframework.beans.factory.NoSuchBeanDefinitionException: No bean named \'测试任务\' available',0,'2020-09-25 11:56:36'),(292700,747322,'测试任务','测试名称','测试参数',0,'org.springframework.beans.factory.NoSuchBeanDefinitionException: No bean named \'测试任务\' available',0,'2020-09-25 14:24:32'),(332033,500905,'testTask','test','test',0,'java.lang.ArithmeticException: / by zero',2,'2020-09-25 00:00:00'),(338539,500905,'testTask','test','test',0,'java.lang.ArithmeticException: / by zero',1,'2020-09-25 00:00:00'),(343396,747322,'测试任务','测试名称','测试参数',0,'org.springframework.beans.factory.NoSuchBeanDefinitionException: No bean named \'测试任务\' available',0,'2020-09-25 11:57:00'),(344262,747322,'测试任务','测试名称','测试参数',0,'org.springframework.beans.factory.NoSuchBeanDefinitionException: No bean named \'测试任务\' available',0,'2020-09-25 11:56:18'),(349665,500905,'testTask','test','test',1,NULL,1,'2020-09-25 14:24:26'),(351269,747322,'测试任务','测试名称','测试参数',0,'org.springframework.beans.factory.NoSuchBeanDefinitionException: No bean named \'测试任务\' available',0,'2020-09-25 11:56:16'),(375678,747322,'测试任务','测试名称','测试参数',0,'org.springframework.beans.factory.NoSuchBeanDefinitionException: No bean named \'测试任务\' available',1,'2020-09-25 11:57:40'),(376876,500905,'testTask','test','test',0,'java.lang.ArithmeticException: / by zero',1,'2020-09-25 11:46:20'),(380674,747322,'测试任务','测试名称','测试参数',0,'org.springframework.beans.factory.NoSuchBeanDefinitionException: No bean named \'测试任务\' available',1,'2020-09-25 11:57:28'),(386896,747322,'测试任务','测试名称','测试参数',0,'org.springframework.beans.factory.NoSuchBeanDefinitionException: No bean named \'测试任务\' available',0,'2020-09-25 11:52:18'),(390327,500905,'testTask','test','test',1,NULL,1,'2020-09-25 00:00:00'),(394285,747322,'测试任务','测试名称','测试参数',0,'org.springframework.beans.factory.NoSuchBeanDefinitionException: No bean named \'测试任务\' available',0,'2020-09-25 11:56:56'),(395652,500905,'testTask','test','test',1,NULL,1,'2020-09-25 00:00:00'),(396694,500905,'testTask','test','test',1,NULL,1,'2020-09-25 00:00:00'),(408645,500905,'testTask','test','test',1,NULL,2,'2020-09-25 14:24:08'),(413681,500905,'testTask','test','test',0,'java.lang.ArithmeticException: / by zero',1,'2020-09-25 00:00:00'),(419030,500905,'testTask','test','test',1,NULL,1,'2020-09-25 14:22:41'),(419867,747322,'测试任务','测试名称','测试参数',0,'org.springframework.beans.factory.NoSuchBeanDefinitionException: No bean named \'测试任务\' available',0,'2020-09-25 11:52:36'),(421938,747322,'测试任务','测试名称','测试参数',0,'org.springframework.beans.factory.NoSuchBeanDefinitionException: No bean named \'测试任务\' available',1,'2020-09-25 11:52:24'),(422763,747322,'测试任务','测试名称','测试参数',0,'org.springframework.beans.factory.NoSuchBeanDefinitionException: No bean named \'测试任务\' available',1,'2020-09-25 11:52:16'),(423157,747322,'测试任务','测试名称','测试参数',0,'org.springframework.beans.factory.NoSuchBeanDefinitionException: No bean named \'测试任务\' available',0,'2020-09-25 14:24:36'),(427052,500905,'testTask','test','test',0,'java.lang.ArithmeticException: / by zero',1,'2020-09-25 10:51:40'),(431440,500905,'testTask','test','test',1,NULL,2,'2020-09-25 14:24:30'),(433805,500905,'testTask','test','test',1,NULL,NULL,'2020-09-25 00:00:00'),(448654,500905,'testTask','test','test',1,NULL,2,'2020-09-25 00:00:00'),(454063,500905,'testTask','test','test',0,'java.lang.ArithmeticException: / by zero',1,'2020-09-25 11:46:12'),(467562,500905,'testTask','test','test',0,'java.lang.ArithmeticException: / by zero',1,'2020-09-25 10:51:32'),(493159,500905,'testTask','test','test',1,NULL,NULL,'2020-09-25 00:00:00'),(495502,500905,'testTask','test','test',1,NULL,NULL,'2020-09-25 00:00:00'),(505738,747322,'测试任务','测试名称','测试参数',0,'org.springframework.beans.factory.NoSuchBeanDefinitionException: No bean named \'测试任务\' available',0,'2020-09-25 11:52:22'),(508194,500905,'testTask','test','test',0,'java.lang.ArithmeticException: / by zero',0,'2020-09-25 10:51:28'),(510342,500905,'testTask','test','test',1,NULL,0,'2020-09-25 14:24:36'),(511083,747322,'测试任务','测试名称','测试参数',0,'org.springframework.beans.factory.NoSuchBeanDefinitionException: No bean named \'测试任务\' available',1,'2020-09-25 11:57:02'),(519048,500905,'testTask','test','test',0,'java.lang.ArithmeticException: / by zero',1,'2020-09-25 00:00:00'),(545200,747322,'测试任务','测试名称','测试参数',0,'org.springframework.beans.factory.NoSuchBeanDefinitionException: No bean named \'测试任务\' available',0,'2020-09-25 11:56:42'),(547311,747322,'测试任务','测试名称','测试参数',0,'org.springframework.beans.factory.NoSuchBeanDefinitionException: No bean named \'测试任务\' available',1,'2020-09-25 11:56:32'),(547546,500905,'testTask','test','test',1,NULL,8,'2020-09-25 14:24:06'),(558333,500905,'testTask','test','test',1,NULL,0,'2020-09-25 00:00:00'),(558396,500905,'testTask','test','test',1,NULL,1,'2020-09-25 14:24:25'),(562056,747322,'测试任务','测试名称','测试参数',0,'org.springframework.beans.factory.NoSuchBeanDefinitionException: No bean named \'测试任务\' available',0,'2020-09-25 11:52:44'),(569035,500905,'testTask','test','test',0,'java.lang.ArithmeticException: / by zero',0,'2020-09-25 00:00:00'),(587516,500905,'testTask','test','test',1,NULL,1,'2020-09-25 00:00:00'),(587989,747322,'测试任务','测试名称','测试参数',0,'org.springframework.beans.factory.NoSuchBeanDefinitionException: No bean named \'测试任务\' available',0,'2020-09-25 14:24:34'),(603360,500905,'testTask','test','test',1,NULL,1,'2020-09-25 00:00:00'),(606630,747322,'测试任务','测试名称','测试参数',0,'org.springframework.beans.factory.NoSuchBeanDefinitionException: No bean named \'测试任务\' available',0,'2020-09-25 11:56:46'),(608068,747322,'测试任务','测试名称','测试参数',0,'org.springframework.beans.factory.NoSuchBeanDefinitionException: No bean named \'测试任务\' available',0,'2020-09-25 11:52:40'),(608862,500905,'testTask','test','test',1,NULL,2,'2020-09-25 14:24:14'),(610975,500905,'testTask','test','test',1,NULL,NULL,'2020-09-25 00:00:00'),(611533,500905,'testTask','test','test',0,'java.lang.ArithmeticException: / by zero',1,'2020-09-25 00:00:00'),(625080,747322,'测试任务','测试名称','测试参数',0,'org.springframework.beans.factory.NoSuchBeanDefinitionException: No bean named \'测试任务\' available',0,'2020-09-25 11:52:28'),(631180,500905,'testTask','test','test',1,NULL,1,'2020-09-25 00:00:00'),(635972,500905,'testTask','test','test',1,NULL,1,'2020-09-25 00:00:00'),(641218,747322,'测试任务','测试名称','测试参数',0,'org.springframework.beans.factory.NoSuchBeanDefinitionException: No bean named \'测试任务\' available',0,'2020-09-25 11:57:30'),(645231,747322,'测试任务','测试名称','测试参数',0,'org.springframework.beans.factory.NoSuchBeanDefinitionException: No bean named \'测试任务\' available',0,'2020-09-25 11:57:38'),(648848,500905,'testTask','test','test',1,NULL,1,'2020-09-25 00:00:00'),(672411,747322,'测试任务','测试名称','测试参数',0,'org.springframework.beans.factory.NoSuchBeanDefinitionException: No bean named \'测试任务\' available',0,'2020-09-25 11:57:14'),(672841,747322,'测试任务','测试名称','测试参数',0,'org.springframework.beans.factory.NoSuchBeanDefinitionException: No bean named \'测试任务\' available',0,'2020-09-25 11:57:18'),(695680,500905,'testTask','test','test',1,NULL,NULL,'2020-09-25 00:00:00'),(700692,500905,'testTask','test','test',1,NULL,NULL,'2020-09-25 00:00:00'),(703850,500905,'testTask','test','test',0,'java.lang.ArithmeticException: / by zero',0,'2020-09-25 00:00:00'),(713426,747322,'测试任务','测试名称','测试参数',0,'org.springframework.beans.factory.NoSuchBeanDefinitionException: No bean named \'测试任务\' available',3,'2020-09-25 11:57:24'),(734239,747322,'测试任务','测试名称','测试参数',0,'org.springframework.beans.factory.NoSuchBeanDefinitionException: No bean named \'测试任务\' available',0,'2020-09-25 11:56:12'),(736419,747322,'测试任务','测试名称','测试参数',0,'org.springframework.beans.factory.NoSuchBeanDefinitionException: No bean named \'测试任务\' available',0,'2020-09-25 11:56:50'),(739830,747322,'测试任务','测试名称','测试参数',0,'org.springframework.beans.factory.NoSuchBeanDefinitionException: No bean named \'测试任务\' available',5,'2020-09-25 11:56:10'),(740021,500905,'testTask','test','test',1,NULL,1,'2020-09-25 00:00:00'),(742427,500905,'testTask','test','test',0,'java.lang.ArithmeticException: / by zero',1,'2020-09-25 10:51:34'),(744922,500905,'testTask','test','test',0,'java.lang.ArithmeticException: / by zero',1,'2020-09-25 00:00:00'),(759632,500905,'testTask','test','test',1,NULL,1,'2020-09-25 14:24:25'),(761160,747322,'测试任务','测试名称','测试参数',0,'org.springframework.beans.factory.NoSuchBeanDefinitionException: No bean named \'测试任务\' available',0,'2020-09-25 11:57:46'),(763427,500905,'testTask','test','test',1,NULL,NULL,'2020-09-25 00:00:00'),(764063,500905,'testTask','test','test',1,NULL,1,'2020-09-25 14:24:10'),(768308,500905,'testTask','test','test',0,'java.lang.ArithmeticException: / by zero',0,'2020-09-25 00:00:00'),(768554,500905,'testTask','test','test',0,'java.lang.ArithmeticException: / by zero',1,'2020-09-25 00:00:00'),(784914,500905,'testTask','test','test',0,'java.lang.ArithmeticException: / by zero',1,'2020-09-25 00:00:00'),(786438,747322,'测试任务','测试名称','测试参数',0,'org.springframework.beans.factory.NoSuchBeanDefinitionException: No bean named \'测试任务\' available',0,'2020-09-25 11:56:30'),(787551,500905,'testTask','test','test',0,'java.lang.ArithmeticException: / by zero',1,'2020-09-25 00:00:00'),(789598,747322,'测试任务','测试名称','测试参数',0,'org.springframework.beans.factory.NoSuchBeanDefinitionException: No bean named \'测试任务\' available',1,'2020-09-25 11:56:38'),(799191,747322,'测试任务','测试名称','测试参数',0,'org.springframework.beans.factory.NoSuchBeanDefinitionException: No bean named \'测试任务\' available',0,'2020-09-25 14:24:28'),(800617,500905,'testTask','test','test',1,NULL,0,'2020-09-25 00:00:00'),(801580,500905,'testTask','test','test',0,'java.lang.ArithmeticException: / by zero',1,'2020-09-25 11:46:08'),(802988,747322,'测试任务','测试名称','测试参数',0,'org.springframework.beans.factory.NoSuchBeanDefinitionException: No bean named \'测试任务\' available',1,'2020-09-25 11:56:26'),(804066,500905,'testTask','test','test',1,NULL,5,'2020-09-25 00:00:00'),(808879,747322,'测试任务','测试名称','测试参数',0,'org.springframework.beans.factory.NoSuchBeanDefinitionException: No bean named \'测试任务\' available',1,'2020-09-25 11:57:20'),(815230,747322,'测试任务','测试名称','测试参数',0,'org.springframework.beans.factory.NoSuchBeanDefinitionException: No bean named \'测试任务\' available',0,'2020-09-25 11:56:48'),(816062,500905,'testTask','test','test',0,'java.lang.ArithmeticException: / by zero',1,'2020-09-25 11:46:14'),(822971,500905,'testTask','test','test',0,'java.lang.ArithmeticException: / by zero',0,'2020-09-25 00:00:00'),(824184,747322,'测试任务','测试名称','测试参数',0,'org.springframework.beans.factory.NoSuchBeanDefinitionException: No bean named \'测试任务\' available',1,'2020-09-25 11:57:04'),(828485,500905,'testTask','test','test',0,'java.lang.ArithmeticException: / by zero',1,'2020-09-25 00:00:00'),(839914,500905,'testTask','test','test',0,'java.lang.ArithmeticException: / by zero',1,'2020-09-25 00:00:00'),(843619,747322,'测试任务','测试名称','测试参数',0,'org.springframework.beans.factory.NoSuchBeanDefinitionException: No bean named \'测试任务\' available',1,'2020-09-25 11:57:32'),(844102,500905,'testTask','test','test',1,NULL,1,'2020-09-25 14:24:16'),(849007,500905,'testTask','test','test',1,NULL,1,'2020-09-25 14:24:25'),(851737,500905,'testTask','test','test',0,'java.lang.ArithmeticException: / by zero',0,'2020-09-25 10:51:30'),(854454,747322,'测试任务','测试名称','测试参数',0,'org.springframework.beans.factory.NoSuchBeanDefinitionException: No bean named \'测试任务\' available',0,'2020-09-25 14:22:18'),(855958,500905,'testTask','test','test',0,'java.lang.ArithmeticException: / by zero',1,'2020-09-25 10:51:38'),(864139,747322,'测试任务','测试名称','测试参数',0,'org.springframework.beans.factory.NoSuchBeanDefinitionException: No bean named \'测试任务\' available',0,'2020-09-25 11:56:54'),(868883,500905,'testTask','test','test',0,'java.lang.ArithmeticException: / by zero',1,'2020-09-25 10:51:42'),(880037,747322,'测试任务','测试名称','测试参数',0,'org.springframework.beans.factory.NoSuchBeanDefinitionException: No bean named \'测试任务\' available',0,'2020-09-25 11:56:14'),(882839,500905,'testTask','test','test',0,'java.lang.ArithmeticException: / by zero',0,'2020-09-25 00:00:00'),(884113,500905,'testTask','test','test',1,NULL,1,'2020-09-25 00:00:00'),(891510,747322,'测试任务','测试名称','测试参数',0,'org.springframework.beans.factory.NoSuchBeanDefinitionException: No bean named \'测试任务\' available',1,'2020-09-25 11:57:42'),(891988,500905,'testTask','test','test',1,NULL,1,'2020-09-25 00:00:00'),(900053,500905,'testTask','test','test',1,NULL,1,'2020-09-25 00:00:00'),(900224,500905,'testTask','test','test',1,NULL,2,'2020-09-25 14:24:34'),(913868,500905,'testTask','test','test',1,NULL,0,'2020-09-25 14:24:38'),(917213,500905,'testTask','test','test',1,NULL,NULL,'2020-09-25 00:00:00'),(920133,747322,'测试任务','测试名称','测试参数',0,'org.springframework.beans.factory.NoSuchBeanDefinitionException: No bean named \'测试任务\' available',0,'2020-09-25 11:52:30'),(920952,500905,'testTask','test','test',1,NULL,6,'2020-09-25 14:24:04'),(929392,747322,'测试任务','测试名称','测试参数',0,'org.springframework.beans.factory.NoSuchBeanDefinitionException: No bean named \'测试任务\' available',0,'2020-09-25 11:52:34'),(944809,747322,'测试任务','测试名称','测试参数',0,'org.springframework.beans.factory.NoSuchBeanDefinitionException: No bean named \'测试任务\' available',1,'2020-09-25 11:57:35'),(947304,500905,'testTask','test','test',1,NULL,1,'2020-09-25 00:00:00'),(958716,747322,'测试任务','测试名称','测试参数',0,'org.springframework.beans.factory.NoSuchBeanDefinitionException: No bean named \'测试任务\' available',1,'2020-09-25 11:56:58'),(961223,500905,'testTask','test','test',1,NULL,NULL,'2020-09-25 00:00:00'),(965230,500905,'testTask','test','test',1,NULL,NULL,'2020-09-25 00:00:00'),(968013,747322,'测试任务','测试名称','测试参数',0,'org.springframework.beans.factory.NoSuchBeanDefinitionException: No bean named \'测试任务\' available',1,'2020-09-25 11:56:44'),(983368,500905,'testTask','test','test',0,'java.lang.ArithmeticException: / by zero',1,'2020-09-25 00:00:00'),(983856,747322,'测试任务','测试名称','测试参数',0,'org.springframework.beans.factory.NoSuchBeanDefinitionException: No bean named \'测试任务\' available',0,'2020-09-25 11:57:16'),(987977,500905,'testTask','test','test',0,'java.lang.ArithmeticException: / by zero',1,'2020-09-25 00:00:00'),(993244,500905,'testTask','test','test',0,'java.lang.ArithmeticException: / by zero',0,'2020-09-25 11:46:18'),(993846,747322,'测试任务','测试名称','测试参数',0,'org.springframework.beans.factory.NoSuchBeanDefinitionException: No bean named \'测试任务\' available',1,'2020-09-25 11:57:26'),(995210,747322,'测试任务','测试名称','测试参数',0,'org.springframework.beans.factory.NoSuchBeanDefinitionException: No bean named \'测试任务\' available',0,'2020-09-25 11:52:10'),(995258,500905,'testTask','test','test',1,NULL,1,'2020-09-25 00:00:00');

/*Table structure for table `codeworld_log` */

DROP TABLE IF EXISTS `codeworld_log`;

CREATE TABLE `codeworld_log` (
  `t_log_id` bigint(20) NOT NULL COMMENT '操作日志主键Id',
  `t_log_operation_username` varchar(255) DEFAULT NULL COMMENT '日志操作的用户名',
  `t_log_operation` varchar(255) DEFAULT NULL COMMENT '日志操作名称',
  `t_log_time` bigint(20) DEFAULT NULL COMMENT '操作时间',
  `t_log_method` varchar(255) DEFAULT NULL COMMENT '操作方法',
  `t_log_params` text COMMENT '操作参数',
  `t_log_ip` varchar(255) DEFAULT NULL COMMENT '操作IP',
  `t_log_location` varchar(255) DEFAULT NULL COMMENT '操作地点',
  `t_log_create_time` datetime DEFAULT NULL COMMENT '操作时间',
  PRIMARY KEY (`t_log_id`)
) ENGINE=InnoDB DEFAULT CHARSET=utf8;

/*Data for the table `codeworld_log` */

insert  into `codeworld_log`(`t_log_id`,`t_log_operation_username`,`t_log_operation`,`t_log_time`,`t_log_method`,`t_log_params`,`t_log_ip`,`t_log_location`,`t_log_create_time`) values (494,'1111','用户登录',5,'/system-user/user-login',' userLoginRequest: UserLoginRequest(username=1111, password=123456, token=null) request: org.apache.catalina.connector.RequestFacade@7a1eef8c response: org.apache.catalina.connector.ResponseFacade@2403e467','127.0.0.1','内网IP|0|0|内网IP|内网IP','2020-09-23 16:47:05'),(2806,'1111','获取全部任务日志',4,'/system-job-log/get-all-job-log',' jobLogSearchVO: JobLogSearchVO(beanName=null, methodName=null, status=null, createTime=null, updateTime=null)','127.0.0.1','内网IP|0|0|内网IP|内网IP','2020-09-25 09:45:13'),(7467,'1111','获取用户信息',7,'/system-user/get-user-info',' userLoginRequest: UserLoginRequest(username=null, password=null, token=eyJ0eXAiOiJKV1QiLCJhbGciOiJIUzI1NiJ9.eyJleHAiOjE2MDA5OTY1NTcsInVzZXJuYW1lIjoiMTExMSJ9._Ip45pzK_XyUibOaNOWlQdQglZ21LqJnR69S_2X9NAY) request: org.apache.catalina.connector.RequestFacade@181cd0db response: org.apache.catalina.connector.ResponseFacade@5308aacb','127.0.0.1','内网IP|0|0|内网IP|内网IP','2020-09-25 10:14:37'),(9453,NULL,'获取全部任务',26,'/system-job/get-all-job',' jobSearchVO: JobSearchVO(beanName=null, methodName=null, status=null, createTime=null, updateTime=null)','127.0.0.1','内网IP|0|0|内网IP|内网IP','2020-09-25 10:47:44'),(10880,'1111','启用或停用任务',41,'/system-job/update-job-status',' jobId: \"747322\" status: \"1\"','127.0.0.1','内网IP|0|0|内网IP|内网IP','2020-09-25 11:56:01'),(13612,'1111','获取用户信息',34,'/system-user/get-user-info',' userLoginRequest: UserLoginRequest(username=null, password=null, token=eyJ0eXAiOiJKV1QiLCJhbGciOiJIUzI1NiJ9.eyJleHAiOjE2MDA5OTY1NTcsInVzZXJuYW1lIjoiMTExMSJ9._Ip45pzK_XyUibOaNOWlQdQglZ21LqJnR69S_2X9NAY) request: org.apache.catalina.connector.RequestFacade@2f9dc477 response: org.apache.catalina.connector.ResponseFacade@357aac2c','127.0.0.1','内网IP|0|0|内网IP|内网IP','2020-09-25 09:42:33'),(21227,'1111','获取全部日志',32,'/system-log/get-all-log',' logSearchVO: LogSearchVO(page=1, limit=10)','127.0.0.1','内网IP|0|0|内网IP|内网IP','2020-09-27 15:34:30'),(23039,NULL,'获取全部日志',19,'/system-log/get-all-log',' logSearchVO: LogSearchVO(page=1, limit=10)','127.0.0.1','内网IP|0|0|内网IP|内网IP','2020-09-25 10:19:13'),(26124,'1111','获取用户信息',24,'/system-user/get-user-info',' userLoginRequest: UserLoginRequest(username=null, password=null, token=eyJhbGciOiJIUzUxMiJ9.eyJzdWIiOiIxMTExIiwiZXhwIjoxNjAxMjM1MjU1LCJjcmVhdGVkIjoxNjAxMTkyMDU1MzI3LCJhdXRob3JpdGllcyI6W3siYXV0aG9yaXR5IjoiY2hhdCJ9LHsiYXV0aG9yaXR5Ijoiam9iIn0seyJhdXRob3JpdHkiOiJqb2ItbG9nIn0seyJhdXRob3JpdHkiOiJsb2cifSx7ImF1dGhvcml0eSI6Im1lbnUifSx7ImF1dGhvcml0eSI6Im1lbnU6YWRkIn0seyJhdXRob3JpdHkiOiJtZW51OmRlbGV0ZSJ9LHsiYXV0aG9yaXR5IjoibWVudTplZGl0In0seyJhdXRob3JpdHkiOiJyb2xlIn0seyJhdXRob3JpdHkiOiJyb2xlOmFkZCJ9LHsiYXV0aG9yaXR5Ijoicm9sZTpkZWxldGUifSx7ImF1dGhvcml0eSI6InJvbGU6ZWRpdCJ9LHsiYXV0aG9yaXR5Ijoicm9sZVNldHRpbmcifSx7ImF1dGhvcml0eSI6InN5c3RlbUpvYiJ9LHsiYXV0aG9yaXR5Ijoic3lzdGVtTG9nIn0seyJhdXRob3JpdHkiOiJzeXN0ZW1NYW5hZ2UifSx7ImF1dGhvcml0eSI6InVzZXIifSx7ImF1dGhvcml0eSI6InVzZXI6YWRkIn0seyJhdXRob3JpdHkiOiJ1c2VyOmRlbGV0ZSJ9LHsiYXV0aG9yaXR5IjoidXNlcjplZGl0In0seyJhdXRob3JpdHkiOiJ1c2VyOmVuYWJsZSJ9XX0.gRLyXj8apyijJrvmiSqOqNSSjAaUB5EZltyZ-J7QTBhEuroLaOvbE_3iuAUmPaHAHAXSNqjXAFJDK2SqCEkotg) request: SecurityContextHolderAwareRequestWrapper[ org.springframework.security.web.header.HeaderWriterFilter$HeaderWriterRequest@254a8956] response: org.springframework.security.web.header.HeaderWriterFilter$HeaderWriterResponse@3c964f3','127.0.0.1','内网IP|0|0|内网IP|内网IP','2020-09-27 15:44:31'),(31921,'1111','获取全部任务',9,'/system-job/get-all-job',' jobSearchVO: JobSearchVO(beanName=null, methodName=null, status=null, createTime=null, updateTime=null)','127.0.0.1','内网IP|0|0|内网IP|内网IP','2020-09-25 09:44:44'),(35219,'1111','获取全部任务',6,'/system-job/get-all-job',' jobSearchVO: JobSearchVO(beanName=null, methodName=null, status=null, createTime=null, updateTime=null)','127.0.0.1','内网IP|0|0|内网IP|内网IP','2020-09-22 16:57:16'),(35231,NULL,'获取全部任务日志',10,'/system-job-log/get-all-job-log',' jobLogSearchVO: JobLogSearchVO(jobBeanName=null, jobMethodName=null, status=null, startTime=null, endTime=null)','127.0.0.1','内网IP|0|0|内网IP|内网IP','2020-09-25 10:56:05'),(37739,'1111','获取全部用户',6,'/system-user/get-all-user',' userSearchRequest: UserSearchRequest(page=1, limit=10, userName=null, userEmail=null, userPhone=null, userStatus=null, createTime=null, updateTime=null)','127.0.0.1','内网IP|0|0|内网IP|内网IP','2020-09-22 17:03:58'),(38359,NULL,'用户登录',4708,'/system-user/user-login',' userLoginRequest: UserLoginRequest(username=1111, password=123456, token=null) request: SecurityContextHolderAwareRequestWrapper[ org.springframework.security.web.header.HeaderWriterFilter$HeaderWriterRequest@392dd7d8] response: org.springframework.security.web.header.HeaderWriterFilter$HeaderWriterResponse@3d071de0','127.0.0.1','内网IP|0|0|内网IP|内网IP','2020-09-27 15:09:32'),(40848,'1111','启用或停用任务',19,'/system-job/update-job-status',' jobId: \"500905\" status: \"1\"','127.0.0.1','内网IP|0|0|内网IP|内网IP','2020-09-25 10:14:32'),(44512,NULL,'获取全部任务日志',18,'/system-job-log/get-all-job-log',' jobLogSearchVO: JobLogSearchVO(jobBeanName=null, jobMethodName=null, status=null, startTime=null, endTime=null)','127.0.0.1','内网IP|0|0|内网IP|内网IP','2020-09-25 10:45:27'),(46830,NULL,'获取用户信息',9,'/system-user/get-user-info',' userLoginRequest: UserLoginRequest(username=null, password=null, token=eyJ0eXAiOiJKV1QiLCJhbGciOiJIUzI1NiJ9.eyJleHAiOjE2MDA5OTY1NTcsInVzZXJuYW1lIjoiMTExMSJ9._Ip45pzK_XyUibOaNOWlQdQglZ21LqJnR69S_2X9NAY) request: org.apache.catalina.connector.RequestFacade@4f89597 response: org.apache.catalina.connector.ResponseFacade@23cd815f','127.0.0.1','内网IP|0|0|内网IP|内网IP','2020-09-25 11:23:14'),(47059,'1111','获取全部任务日志',10,'/system-job-log/get-all-job-log',' jobLogSearchVO: JobLogSearchVO(jobBeanName=null, jobMethodName=null, status=null, startTime=null, endTime=null)','127.0.0.1','内网IP|0|0|内网IP|内网IP','2020-09-27 15:54:43'),(50255,NULL,'获取全部日志',45,'/system-log/get-all-log',' logSearchVO: LogSearchVO(page=0, limit=0)','127.0.0.1','内网IP|0|0|内网IP|内网IP','2020-09-27 14:51:20'),(53690,'1111','启用或停用任务',27,'/system-job/update-job-status',' jobId: \"500905\" status: \"0\"','127.0.0.1','内网IP|0|0|内网IP|内网IP','2020-09-25 14:24:17'),(55417,NULL,'获取全部日志',27,'/system-log/get-all-log',' logSearchVO: LogSearchVO(page=0, limit=0)','127.0.0.1','内网IP|0|0|内网IP|内网IP','2020-09-27 14:51:33'),(58078,'1111','获取全部日志',8,'/system-log/get-all-log',' logSearchVO: LogSearchVO(page=1, limit=10)','127.0.0.1','内网IP|0|0|内网IP|内网IP','2020-09-27 15:35:36'),(58401,'1111','获取用户信息',2163,'/system-user/get-user-info',' userLoginRequest: UserLoginRequest(username=null, password=null, token=eyJ0eXAiOiJKV1QiLCJhbGciOiJIUzI1NiJ9.eyJleHAiOjE2MDA5OTY1NTcsInVzZXJuYW1lIjoiMTExMSJ9._Ip45pzK_XyUibOaNOWlQdQglZ21LqJnR69S_2X9NAY) request: org.apache.catalina.connector.RequestFacade@181cd0db response: org.apache.catalina.connector.ResponseFacade@5308aacb','127.0.0.1','内网IP|0|0|内网IP|内网IP','2020-09-25 09:49:43'),(64241,NULL,'获取全部任务',6,'/system-job/get-all-job',' jobSearchVO: JobSearchVO(beanName=null, methodName=null, status=null, createTime=null, updateTime=null)','127.0.0.1','内网IP|0|0|内网IP|内网IP','2020-09-25 11:23:15'),(69095,NULL,'启用或停用任务',23,'/system-job/update-job-status',' jobId: \"747322\" status: \"1\"','127.0.0.1','内网IP|0|0|内网IP|内网IP','2020-09-25 11:51:59'),(77877,'1111','获取全部用户',76,'/system-user/get-all-user',' userSearchRequest: UserSearchRequest(page=1, limit=10, userName=null, userEmail=null, userPhone=null, userStatus=null, createTime=null, updateTime=null)','127.0.0.1','内网IP|0|0|内网IP|内网IP','2020-09-23 16:49:32'),(78737,'1111','获取全部用户',11,'/system-user/get-all-user',' userSearchRequest: UserSearchRequest(page=1, limit=10, userName=null, userEmail=null, userPhone=null, userStatus=null, createTime=null, updateTime=null)','127.0.0.1','内网IP|0|0|内网IP|内网IP','2020-09-27 15:54:38'),(81284,'1111','获取全部任务日志',9,'/system-job-log/get-all-job-log',' jobLogSearchVO: JobLogSearchVO(jobBeanName=null, jobMethodName=null, status=null, startTime=null, endTime=null)','127.0.0.1','内网IP|0|0|内网IP|内网IP','2020-09-25 14:09:38'),(89210,NULL,'获取全部任务日志',10,'/system-job-log/get-all-job-log',' jobLogSearchVO: JobLogSearchVO(jobBeanName=null, jobMethodName=null, status=1, startTime=null, endTime=null)','127.0.0.1','内网IP|0|0|内网IP|内网IP','2020-09-25 10:48:38'),(89602,NULL,'获取全部任务日志',13,'/system-job-log/get-all-job-log',' jobLogSearchVO: JobLogSearchVO(jobBeanName=null, jobMethodName=null, status=null, startTime=null, endTime=null)','127.0.0.1','内网IP|0|0|内网IP|内网IP','2020-09-25 11:44:46'),(91668,'1111','获取用户信息',10,'/system-user/get-user-info',' userLoginRequest: UserLoginRequest(username=null, password=null, token=eyJ0eXAiOiJKV1QiLCJhbGciOiJIUzI1NiJ9.eyJleHAiOjE2MDA5OTY1NTcsInVzZXJuYW1lIjoiMTExMSJ9._Ip45pzK_XyUibOaNOWlQdQglZ21LqJnR69S_2X9NAY) request: org.apache.catalina.connector.RequestFacade@181cd0db response: org.apache.catalina.connector.ResponseFacade@5308aacb','127.0.0.1','内网IP|0|0|内网IP|内网IP','2020-09-25 10:07:13'),(93197,NULL,'获取用户信息',85,'/system-user/get-user-info',' userLoginRequest: UserLoginRequest(username=null, password=null, token=eyJ0eXAiOiJKV1QiLCJhbGciOiJIUzI1NiJ9.eyJleHAiOjE2MDA5OTY1NTcsInVzZXJuYW1lIjoiMTExMSJ9._Ip45pzK_XyUibOaNOWlQdQglZ21LqJnR69S_2X9NAY) request: org.apache.catalina.connector.RequestFacade@181cd0db response: org.apache.catalina.connector.ResponseFacade@5308aacb','127.0.0.1','内网IP|0|0|内网IP|内网IP','2020-09-25 10:27:25'),(95737,'1111','获取全部日志',18,'/system-log/get-all-log',' logSearchVO: LogSearchVO(page=1, limit=10)','127.0.0.1','内网IP|0|0|内网IP|内网IP','2020-09-23 16:50:33'),(97519,NULL,'获取全部日志',4,'/system-log/get-all-log',' logSearchVO: LogSearchVO(page=1, limit=10)','127.0.0.1','内网IP|0|0|内网IP|内网IP','2020-09-25 11:03:11'),(108588,'1111','获取用户信息',8,'/system-user/get-user-info',' userLoginRequest: UserLoginRequest(username=null, password=null, token=eyJ0eXAiOiJKV1QiLCJhbGciOiJIUzI1NiJ9.eyJleHAiOjE2MDA5OTY1NTcsInVzZXJuYW1lIjoiMTExMSJ9._Ip45pzK_XyUibOaNOWlQdQglZ21LqJnR69S_2X9NAY) request: org.apache.catalina.connector.RequestFacade@797e45ad response: org.apache.catalina.connector.ResponseFacade@6e9e5d92','127.0.0.1','内网IP|0|0|内网IP|内网IP','2020-09-25 14:12:32'),(111115,NULL,'获取用户信息',950,'/system-user/get-user-info',' userLoginRequest: UserLoginRequest(username=null, password=null, token=eyJ0eXAiOiJKV1QiLCJhbGciOiJIUzI1NiJ9.eyJleHAiOjE2MDA5OTY1NTcsInVzZXJuYW1lIjoiMTExMSJ9._Ip45pzK_XyUibOaNOWlQdQglZ21LqJnR69S_2X9NAY) request: org.apache.catalina.connector.RequestFacade@3d360b75 response: org.apache.catalina.connector.ResponseFacade@60ff83a4','127.0.0.1','内网IP|0|0|内网IP|内网IP','2020-09-25 11:54:18'),(114441,NULL,'获取全部任务',7,'/system-job/get-all-job',' jobSearchVO: JobSearchVO(beanName=null, methodName=null, status=null, createTime=null, updateTime=null)','127.0.0.1','内网IP|0|0|内网IP|内网IP','2020-09-25 11:18:42'),(115338,'1111','获取全部任务日志',11,'/system-job-log/get-all-job-log',' jobLogSearchVO: JobLogSearchVO(beanName=null, methodName=null, status=null, createTime=null, updateTime=null)','127.0.0.1','内网IP|0|0|内网IP|内网IP','2020-09-25 10:07:13'),(116110,'1111','获取用户信息',163,'/system-user/get-user-info',' userLoginRequest: UserLoginRequest(username=null, password=null, token=eyJ0eXAiOiJKV1QiLCJhbGciOiJIUzI1NiJ9.eyJleHAiOjE2MDA5OTY1NTcsInVzZXJuYW1lIjoiMTExMSJ9._Ip45pzK_XyUibOaNOWlQdQglZ21LqJnR69S_2X9NAY) request: org.apache.catalina.connector.RequestFacade@7e69d3d1 response: org.apache.catalina.connector.ResponseFacade@104eb95','127.0.0.1','内网IP|0|0|内网IP|内网IP','2020-09-25 09:15:54'),(116580,'1111','获取用户信息',28,'/system-user/get-user-info',' userLoginRequest: UserLoginRequest(username=null, password=null, token=eyJ0eXAiOiJKV1QiLCJhbGciOiJIUzI1NiJ9.eyJleHAiOjE2MDA5OTY1NTcsInVzZXJuYW1lIjoiMTExMSJ9._Ip45pzK_XyUibOaNOWlQdQglZ21LqJnR69S_2X9NAY) request: org.apache.catalina.connector.RequestFacade@2f9dc477 response: org.apache.catalina.connector.ResponseFacade@357aac2c','127.0.0.1','内网IP|0|0|内网IP|内网IP','2020-09-25 09:42:30'),(116989,NULL,'获取用户信息',6,'/system-user/get-user-info',' userLoginRequest: UserLoginRequest(username=null, password=null, token=eyJ0eXAiOiJKV1QiLCJhbGciOiJIUzI1NiJ9.eyJleHAiOjE2MDA5OTY1NTcsInVzZXJuYW1lIjoiMTExMSJ9._Ip45pzK_XyUibOaNOWlQdQglZ21LqJnR69S_2X9NAY) request: org.apache.catalina.connector.RequestFacade@181cd0db response: org.apache.catalina.connector.ResponseFacade@5308aacb','127.0.0.1','内网IP|0|0|内网IP|内网IP','2020-09-25 10:51:47'),(121154,NULL,'获取全部任务日志',14,'/system-job-log/get-all-job-log',' jobLogSearchVO: JobLogSearchVO(beanName=null, methodName=null, status=null, createTime=null, updateTime=null)','127.0.0.1','内网IP|0|0|内网IP|内网IP','2020-09-25 10:16:02'),(123481,'1111','用户登录',6,'/system-user/user-login',' userLoginRequest: UserLoginRequest(username=1111, password=123456, token=null) request: org.apache.catalina.connector.RequestFacade@7e69d3d1 response: org.apache.catalina.connector.ResponseFacade@104eb95','127.0.0.1','内网IP|0|0|内网IP|内网IP','2020-09-25 09:15:54'),(128998,'1111','获取全部任务日志',10,'/system-job-log/get-all-job-log',' jobLogSearchVO: JobLogSearchVO(beanName=null, methodName=null, status=null, createTime=null, updateTime=null)','127.0.0.1','内网IP|0|0|内网IP|内网IP','2020-09-25 09:57:42'),(130907,'1111','用户登录',8,'/system-user/user-login',' userLoginRequest: UserLoginRequest(username=1111, password=123456, token=null) request: org.apache.catalina.connector.RequestFacade@400c89ca response: org.apache.catalina.connector.ResponseFacade@69f9b770','127.0.0.1','内网IP|0|0|内网IP|内网IP','2020-09-23 16:49:25'),(131321,NULL,'用户登录',383,'/system-user/user-login',' userLoginRequest: UserLoginRequest(username=1111, password=123456, token=null) request: SecurityContextHolderAwareRequestWrapper[ org.springframework.security.web.header.HeaderWriterFilter$HeaderWriterRequest@78aab35e] response: org.springframework.security.web.header.HeaderWriterFilter$HeaderWriterResponse@7b427a41','127.0.0.1','内网IP|0|0|内网IP|内网IP','2020-09-27 15:01:19'),(134596,'1111','删除任务',26,'/system-job/delete-job',' jobId: \"500905\"','127.0.0.1','内网IP|0|0|内网IP|内网IP','2020-09-22 17:03:14'),(135495,NULL,'获取全部任务日志',10,'/system-job-log/get-all-job-log',' jobLogSearchVO: JobLogSearchVO(jobBeanName=null, jobMethodName=null, status=null, startTime=null, endTime=null)','127.0.0.1','内网IP|0|0|内网IP|内网IP','2020-09-25 10:50:41'),(138368,NULL,'获取全部任务',6,'/system-job/get-all-job',' jobSearchVO: JobSearchVO(beanName=null, methodName=null, status=null, createTime=null, updateTime=null)','127.0.0.1','内网IP|0|0|内网IP|内网IP','2020-09-25 11:46:29'),(141743,NULL,'获取用户信息',7,'/system-user/get-user-info',' userLoginRequest: UserLoginRequest(username=null, password=null, token=eyJ0eXAiOiJKV1QiLCJhbGciOiJIUzI1NiJ9.eyJleHAiOjE2MDA5OTY1NTcsInVzZXJuYW1lIjoiMTExMSJ9._Ip45pzK_XyUibOaNOWlQdQglZ21LqJnR69S_2X9NAY) request: org.apache.catalina.connector.RequestFacade@4f89597 response: org.apache.catalina.connector.ResponseFacade@23cd815f','127.0.0.1','内网IP|0|0|内网IP|内网IP','2020-09-25 11:44:28'),(145187,NULL,'获取全部任务日志',3,'/system-job-log/get-all-job-log',' jobLogSearchVO: JobLogSearchVO(jobBeanName=null, jobMethodName=null, status=null, startTime=Thu Oct 01 00:00:00 CST 2020, endTime=null)','127.0.0.1','内网IP|0|0|内网IP|内网IP','2020-09-25 10:46:19'),(155110,'1111','获取全部任务',5,'/system-job/get-all-job',' jobSearchVO: JobSearchVO(beanName=null, methodName=null, status=null, createTime=null, updateTime=null)','127.0.0.1','内网IP|0|0|内网IP|内网IP','2020-09-27 15:56:54'),(155701,NULL,'用户登录',172,'/system-user/user-login',' userLoginRequest: UserLoginRequest(username=1111, password=123, token=string) request: SecurityContextHolderAwareRequestWrapper[ org.springframework.security.web.header.HeaderWriterFilter$HeaderWriterRequest@3e37473e] response: org.springframework.security.web.header.HeaderWriterFilter$HeaderWriterResponse@39b7cc60','127.0.0.1','内网IP|0|0|内网IP|内网IP','2020-09-27 14:38:05'),(156558,NULL,'获取用户信息',12,'/system-user/get-user-info',' userLoginRequest: UserLoginRequest(username=null, password=null, token=eyJ0eXAiOiJKV1QiLCJhbGciOiJIUzI1NiJ9.eyJleHAiOjE2MDA5OTY1NTcsInVzZXJuYW1lIjoiMTExMSJ9._Ip45pzK_XyUibOaNOWlQdQglZ21LqJnR69S_2X9NAY) request: org.apache.catalina.connector.RequestFacade@181cd0db response: org.apache.catalina.connector.ResponseFacade@5308aacb','127.0.0.1','内网IP|0|0|内网IP|内网IP','2020-09-25 11:04:17'),(158462,'1111','获取全部任务日志',41,'/system-job-log/get-all-job-log',' jobLogSearchVO: JobLogSearchVO(beanName=null, methodName=null, status=null, createTime=null, updateTime=null)','127.0.0.1','内网IP|0|0|内网IP|内网IP','2020-09-25 09:42:30'),(159837,'1111','获取全部任务日志',6,'/system-job-log/get-all-job-log',' jobLogSearchVO: JobLogSearchVO(beanName=null, methodName=null, status=null, createTime=null, updateTime=null)','127.0.0.1','内网IP|0|0|内网IP|内网IP','2020-09-25 10:14:34'),(167775,'1111','获取全部用户',13,'/system-user/get-all-user',' userSearchRequest: UserSearchRequest(page=1, limit=10, userName=null, userEmail=null, userPhone=null, userStatus=null, createTime=null, updateTime=null)','127.0.0.1','内网IP|0|0|内网IP|内网IP','2020-09-27 15:35:05'),(173447,'1111','获取全部任务',4,'/system-job/get-all-job',' jobSearchVO: JobSearchVO(beanName=null, methodName=null, status=null, createTime=null, updateTime=null)','127.0.0.1','内网IP|0|0|内网IP|内网IP','2020-09-25 09:45:16'),(186295,NULL,'获取用户信息',11,'/system-user/get-user-info',' userLoginRequest: UserLoginRequest(username=null, password=null, token=eyJ0eXAiOiJKV1QiLCJhbGciOiJIUzI1NiJ9.eyJleHAiOjE2MDA5OTY1NTcsInVzZXJuYW1lIjoiMTExMSJ9._Ip45pzK_XyUibOaNOWlQdQglZ21LqJnR69S_2X9NAY) request: org.apache.catalina.connector.RequestFacade@181cd0db response: org.apache.catalina.connector.ResponseFacade@5308aacb','127.0.0.1','内网IP|0|0|内网IP|内网IP','2020-09-25 10:56:18'),(189454,'1111','获取用户信息',9,'/system-user/get-user-info',' userLoginRequest: UserLoginRequest(username=null, password=null, token=eyJ0eXAiOiJKV1QiLCJhbGciOiJIUzI1NiJ9.eyJleHAiOjE2MDA5OTY1NTcsInVzZXJuYW1lIjoiMTExMSJ9._Ip45pzK_XyUibOaNOWlQdQglZ21LqJnR69S_2X9NAY) request: org.apache.catalina.connector.RequestFacade@797e45ad response: org.apache.catalina.connector.ResponseFacade@6e9e5d92','127.0.0.1','内网IP|0|0|内网IP|内网IP','2020-09-25 14:12:51'),(197273,NULL,'用户登录',15833,'/system-user/user-login',' userLoginRequest: UserLoginRequest(username=1111, password=123456, token=null) request: SecurityContextHolderAwareRequestWrapper[ org.springframework.security.web.header.HeaderWriterFilter$HeaderWriterRequest@5f81abd3] response: org.springframework.security.web.header.HeaderWriterFilter$HeaderWriterResponse@41fc96c3','127.0.0.1','内网IP|0|0|内网IP|内网IP','2020-09-27 15:22:42'),(199649,'1111','获取全部用户',20,'/system-user/get-all-user',' userSearchRequest: UserSearchRequest(page=1, limit=10, userName=null, userEmail=null, userPhone=null, userStatus=null, createTime=null, updateTime=null)','127.0.0.1','内网IP|0|0|内网IP|内网IP','2020-09-27 15:34:54'),(200218,NULL,'启用或停用任务',19,'/system-job/update-job-status',' jobId: \"500905\" status: \"0\"','127.0.0.1','内网IP|0|0|内网IP|内网IP','2020-09-25 11:46:25'),(203578,NULL,'获取全部任务日志',5,'/system-job-log/get-all-job-log',' jobLogSearchVO: JobLogSearchVO(jobBeanName=null, jobMethodName=null, status=0, startTime=null, endTime=null)','127.0.0.1','内网IP|0|0|内网IP|内网IP','2020-09-25 10:51:53'),(206277,'1111','获取用户信息',1820,'/system-user/get-user-info',' userLoginRequest: UserLoginRequest(username=null, password=null, token=eyJ0eXAiOiJKV1QiLCJhbGciOiJIUzI1NiJ9.eyJleHAiOjE2MDA5OTY1NTcsInVzZXJuYW1lIjoiMTExMSJ9._Ip45pzK_XyUibOaNOWlQdQglZ21LqJnR69S_2X9NAY) request: org.apache.catalina.connector.RequestFacade@5fd851b3 response: org.apache.catalina.connector.ResponseFacade@48eb4108','127.0.0.1','内网IP|0|0|内网IP|内网IP','2020-09-25 11:55:54'),(210687,'1111','获取全部任务日志',42,'/system-job-log/get-all-job-log',' jobLogSearchVO: JobLogSearchVO(beanName=null, methodName=null, status=null, createTime=null, updateTime=null)','127.0.0.1','内网IP|0|0|内网IP|内网IP','2020-09-25 09:49:46'),(213223,NULL,'获取用户信息',6,'/system-user/get-user-info',' userLoginRequest: UserLoginRequest(username=null, password=null, token=eyJ0eXAiOiJKV1QiLCJhbGciOiJIUzI1NiJ9.eyJleHAiOjE2MDA5OTY1NTcsInVzZXJuYW1lIjoiMTExMSJ9._Ip45pzK_XyUibOaNOWlQdQglZ21LqJnR69S_2X9NAY) request: org.apache.catalina.connector.RequestFacade@4f89597 response: org.apache.catalina.connector.ResponseFacade@23cd815f','127.0.0.1','内网IP|0|0|内网IP|内网IP','2020-09-25 11:46:46'),(215498,NULL,'获取全部任务日志',7,'/system-job-log/get-all-job-log',' jobLogSearchVO: JobLogSearchVO(jobBeanName=null, jobMethodName=null, status=null, startTime=null, endTime=Fri Sep 25 10:46:24 CST 2020)','127.0.0.1','内网IP|0|0|内网IP|内网IP','2020-09-25 10:46:25'),(216784,NULL,'获取用户信息',17,'/system-user/get-user-info',' userLoginRequest: UserLoginRequest(username=null, password=null, token=eyJ0eXAiOiJKV1QiLCJhbGciOiJIUzI1NiJ9.eyJleHAiOjE2MDA5OTY1NTcsInVzZXJuYW1lIjoiMTExMSJ9._Ip45pzK_XyUibOaNOWlQdQglZ21LqJnR69S_2X9NAY) request: org.apache.catalina.connector.RequestFacade@181cd0db response: org.apache.catalina.connector.ResponseFacade@5308aacb','127.0.0.1','内网IP|0|0|内网IP|内网IP','2020-09-25 10:44:16'),(229523,'1111','获取全部任务',5,'/system-job/get-all-job',' jobSearchVO: JobSearchVO(beanName=null, methodName=null, status=null, createTime=null, updateTime=null)','127.0.0.1','内网IP|0|0|内网IP|内网IP','2020-09-25 09:44:21'),(232258,'1111','获取全部任务日志',38,'/system-job-log/get-all-job-log',' jobLogSearchVO: JobLogSearchVO(jobBeanName=null, jobMethodName=null, status=null, startTime=null, endTime=null)','127.0.0.1','内网IP|0|0|内网IP|内网IP','2020-09-27 15:34:26'),(236288,'1111','获取全部任务日志',9,'/system-job-log/get-all-job-log',' jobLogSearchVO: JobLogSearchVO(jobBeanName=null, jobMethodName=null, status=null, startTime=null, endTime=null)','127.0.0.1','内网IP|0|0|内网IP|内网IP','2020-09-25 14:12:51'),(236877,NULL,'获取全部任务',4,'/system-job/get-all-job',' jobSearchVO: JobSearchVO(beanName=null, methodName=null, status=null, createTime=null, updateTime=null)','127.0.0.1','内网IP|0|0|内网IP|内网IP','2020-09-25 11:05:03'),(238278,'1111','获取全部任务',219,'/system-job/get-all-job',' jobSearchVO: JobSearchVO(beanName=null, methodName=null, status=null, createTime=null, updateTime=null)','127.0.0.1','内网IP|0|0|内网IP|内网IP','2020-09-27 15:34:23'),(241544,NULL,'用户登录',35,'/system-user/user-login',' userLoginRequest: UserLoginRequest(username=1111, password=123456, token=null) request: org.apache.catalina.connector.RequestFacade@400c89ca response: org.apache.catalina.connector.ResponseFacade@69f9b770','127.0.0.1','内网IP|0|0|内网IP|内网IP','2020-09-23 16:46:10'),(246791,NULL,'获取全部日志',8,'/system-log/get-all-log',' logSearchVO: LogSearchVO(page=1, limit=10)','127.0.0.1','内网IP|0|0|内网IP|内网IP','2020-09-25 10:27:26'),(255847,NULL,'获取全部任务',5,'/system-job/get-all-job',' jobSearchVO: JobSearchVO(beanName=null, methodName=null, status=null, createTime=null, updateTime=null)','127.0.0.1','内网IP|0|0|内网IP|内网IP','2020-09-25 10:27:43'),(257787,'1111','用户登录',98,'/system-user/user-login',' userLoginRequest: UserLoginRequest(username=1111, password=123456, token=null) request: org.apache.catalina.connector.RequestFacade@7e69d3d1 response: org.apache.catalina.connector.ResponseFacade@104eb95','127.0.0.1','内网IP|0|0|内网IP|内网IP','2020-09-25 09:13:28'),(261756,NULL,'获取全部任务',5,'/system-job/get-all-job',' jobSearchVO: JobSearchVO(beanName=null, methodName=null, status=null, createTime=null, updateTime=null)','127.0.0.1','内网IP|0|0|内网IP|内网IP','2020-09-25 11:19:13'),(262926,'1111','获取全部任务',57,'/system-job/get-all-job',' jobSearchVO: JobSearchVO(beanName=null, methodName=null, status=null, createTime=null, updateTime=null)','127.0.0.1','内网IP|0|0|内网IP|内网IP','2020-09-25 09:15:57'),(263405,NULL,'获取全部任务日志',4,'/system-job-log/get-all-job-log',' jobLogSearchVO: JobLogSearchVO(jobBeanName=null, jobMethodName=null, status=0, startTime=null, endTime=null)','127.0.0.1','内网IP|0|0|内网IP|内网IP','2020-09-25 10:49:54'),(264498,'1111','获取全部任务',9,'/system-job/get-all-job',' jobSearchVO: JobSearchVO(beanName=null, methodName=null, status=null, createTime=null, updateTime=null)','127.0.0.1','内网IP|0|0|内网IP|内网IP','2020-09-25 09:49:58'),(266892,NULL,'获取全部任务日志',12,'/system-job-log/get-all-job-log',' jobLogSearchVO: JobLogSearchVO(jobBeanName=null, jobMethodName=null, status=null, startTime=null, endTime=null)','127.0.0.1','内网IP|0|0|内网IP|内网IP','2020-09-25 10:48:22'),(267238,'1111','获取全部任务',18,'/system-job/get-all-job',' jobSearchVO: JobSearchVO(beanName=null, methodName=null, status=null, createTime=null, updateTime=null)','127.0.0.1','内网IP|0|0|内网IP|内网IP','2020-09-23 16:55:45'),(268333,'1111','启用或停用任务',8,'/system-job/update-job-status',' jobId: \"500905\" status: \"0\"','127.0.0.1','内网IP|0|0|内网IP|内网IP','2020-09-25 10:15:34'),(269516,NULL,'用户登录',238,'/system-user/user-login',' userLoginRequest: UserLoginRequest(username=1111, password=123, token=string) request: SecurityContextHolderAwareRequestWrapper[ org.springframework.security.web.header.HeaderWriterFilter$HeaderWriterRequest@ac06a6c] response: org.springframework.security.web.header.HeaderWriterFilter$HeaderWriterResponse@e741fd3','127.0.0.1','内网IP|0|0|内网IP|内网IP','2020-09-27 14:46:57'),(275443,'1111','获取全部任务',4,'/system-job/get-all-job',' jobSearchVO: JobSearchVO(beanName=null, methodName=null, status=null, createTime=null, updateTime=null)','127.0.0.1','内网IP|0|0|内网IP|内网IP','2020-09-25 10:15:33'),(281043,'1111','获取全部任务日志',12,'/system-job-log/get-all-job-log',' jobLogSearchVO: JobLogSearchVO(jobBeanName=null, jobMethodName=null, status=null, startTime=null, endTime=null)','127.0.0.1','内网IP|0|0|内网IP|内网IP','2020-09-25 14:12:32'),(281050,NULL,'获取全部任务',7,'/system-job/get-all-job',' jobSearchVO: JobSearchVO(beanName=null, methodName=null, status=null, createTime=null, updateTime=null)','127.0.0.1','内网IP|0|0|内网IP|内网IP','2020-09-25 11:50:39'),(283835,NULL,'获取全部任务日志',11,'/system-job-log/get-all-job-log',' jobLogSearchVO: JobLogSearchVO(jobBeanName=null, jobMethodName=null, status=null, startTime=null, endTime=null)','127.0.0.1','内网IP|0|0|内网IP|内网IP','2020-09-25 10:48:33'),(287492,'1111','获取全部任务',4,'/system-job/get-all-job',' jobSearchVO: JobSearchVO(beanName=null, methodName=null, status=null, createTime=null, updateTime=null)','127.0.0.1','内网IP|0|0|内网IP|内网IP','2020-09-25 14:00:54'),(290568,'1111','获取用户信息',32,'/system-user/get-user-info',' userLoginRequest: UserLoginRequest(username=null, password=null, token=eyJ0eXAiOiJKV1QiLCJhbGciOiJIUzI1NiJ9.eyJleHAiOjE2MDA5OTY1NTcsInVzZXJuYW1lIjoiMTExMSJ9._Ip45pzK_XyUibOaNOWlQdQglZ21LqJnR69S_2X9NAY) request: org.apache.catalina.connector.RequestFacade@797e45ad response: org.apache.catalina.connector.ResponseFacade@6e9e5d92','127.0.0.1','内网IP|0|0|内网IP|内网IP','2020-09-25 14:11:02'),(299547,'1111','获取全部任务',5,'/system-job/get-all-job',' jobSearchVO: JobSearchVO(beanName=null, methodName=null, status=null, createTime=null, updateTime=null)','127.0.0.1','内网IP|0|0|内网IP|内网IP','2020-09-25 14:13:48'),(300879,'1111','获取全部日志',5,'/system-log/get-all-log',' logSearchVO: LogSearchVO(page=1, limit=10)','127.0.0.1','内网IP|0|0|内网IP|内网IP','2020-09-27 15:55:01'),(301875,'1111','获取全部任务',6,'/system-job/get-all-job',' jobSearchVO: JobSearchVO(beanName=null, methodName=null, status=null, createTime=null, updateTime=null)','127.0.0.1','内网IP|0|0|内网IP|内网IP','2020-09-25 10:14:31'),(302473,NULL,'获取全部日志',22,'/system-log/get-all-log',' logSearchVO: LogSearchVO(page=0, limit=0)','127.0.0.1','内网IP|0|0|内网IP|内网IP','2020-09-27 14:50:52'),(305037,NULL,'获取用户信息',21,'/system-user/get-user-info',' userLoginRequest: UserLoginRequest(username=null, password=null, token=eyJ0eXAiOiJKV1QiLCJhbGciOiJIUzI1NiJ9.eyJleHAiOjE2MDA5OTY1NTcsInVzZXJuYW1lIjoiMTExMSJ9._Ip45pzK_XyUibOaNOWlQdQglZ21LqJnR69S_2X9NAY) request: org.apache.catalina.connector.RequestFacade@181cd0db response: org.apache.catalina.connector.ResponseFacade@5308aacb','127.0.0.1','内网IP|0|0|内网IP|内网IP','2020-09-25 10:40:54'),(310534,NULL,'获取全部任务',4,'/system-job/get-all-job',' jobSearchVO: JobSearchVO(beanName=null, methodName=null, status=null, createTime=null, updateTime=null)','127.0.0.1','内网IP|0|0|内网IP|内网IP','2020-09-25 11:45:36'),(310705,NULL,'获取全部任务',8,'/system-job/get-all-job',' jobSearchVO: JobSearchVO(beanName=null, methodName=null, status=null, createTime=null, updateTime=null)','127.0.0.1','内网IP|0|0|内网IP|内网IP','2020-09-25 11:18:55'),(314177,NULL,'获取用户信息',9,'/system-user/get-user-info',' userLoginRequest: UserLoginRequest(username=null, password=null, token=eyJ0eXAiOiJKV1QiLCJhbGciOiJIUzI1NiJ9.eyJleHAiOjE2MDA5OTY1NTcsInVzZXJuYW1lIjoiMTExMSJ9._Ip45pzK_XyUibOaNOWlQdQglZ21LqJnR69S_2X9NAY) request: org.apache.catalina.connector.RequestFacade@4f89597 response: org.apache.catalina.connector.ResponseFacade@23cd815f','127.0.0.1','内网IP|0|0|内网IP|内网IP','2020-09-25 11:44:46'),(318359,NULL,'用户登录',282,'/system-user/user-login',' userLoginRequest: UserLoginRequest(username=1111, password=123456, token=null) request: SecurityContextHolderAwareRequestWrapper[ org.springframework.security.web.header.HeaderWriterFilter$HeaderWriterRequest@cb83e00] response: org.springframework.security.web.header.HeaderWriterFilter$HeaderWriterResponse@32b44df2','127.0.0.1','内网IP|0|0|内网IP|内网IP','2020-09-27 15:29:16'),(322335,NULL,'用户登录',2063,'/system-user/user-login',' userLoginRequest: UserLoginRequest(username=1111, password=123456, token=null) request: SecurityContextHolderAwareRequestWrapper[ org.springframework.security.web.header.HeaderWriterFilter$HeaderWriterRequest@789892fa] response: org.springframework.security.web.header.HeaderWriterFilter$HeaderWriterResponse@1f6bd5d6','127.0.0.1','内网IP|0|0|内网IP|内网IP','2020-09-27 15:21:10'),(327203,NULL,'获取全部任务日志',14,'/system-job-log/get-all-job-log',' jobLogSearchVO: JobLogSearchVO(jobBeanName=Ta, jobMethodName=null, status=null, startTime=null, endTime=Fri Sep 25 10:46:24 CST 2020)','127.0.0.1','内网IP|0|0|内网IP|内网IP','2020-09-25 10:46:40'),(338752,'1111','启用或停用任务',20,'/system-job/update-job-status',' jobId: \"500905\" status: \"0\"','127.0.0.1','内网IP|0|0|内网IP|内网IP','2020-09-22 16:55:38'),(340349,NULL,'获取用户信息',9,'/system-user/get-user-info',' userLoginRequest: UserLoginRequest(username=null, password=null, token=eyJ0eXAiOiJKV1QiLCJhbGciOiJIUzI1NiJ9.eyJleHAiOjE2MDA5OTY1NTcsInVzZXJuYW1lIjoiMTExMSJ9._Ip45pzK_XyUibOaNOWlQdQglZ21LqJnR69S_2X9NAY) request: org.apache.catalina.connector.RequestFacade@181cd0db response: org.apache.catalina.connector.ResponseFacade@5308aacb','127.0.0.1','内网IP|0|0|内网IP|内网IP','2020-09-25 10:50:41'),(341774,NULL,'获取全部日志',4,'/system-log/get-all-log',' logSearchVO: LogSearchVO(page=1, limit=10)','127.0.0.1','内网IP|0|0|内网IP|内网IP','2020-09-25 10:27:16'),(342157,'1111','获取用户信息',21,'/system-user/get-user-info',' userLoginRequest: UserLoginRequest(username=null, password=null, token=eyJ0eXAiOiJKV1QiLCJhbGciOiJIUzI1NiJ9.eyJleHAiOjE2MDA5OTY1NTcsInVzZXJuYW1lIjoiMTExMSJ9._Ip45pzK_XyUibOaNOWlQdQglZ21LqJnR69S_2X9NAY) request: org.apache.catalina.connector.RequestFacade@181cd0db response: org.apache.catalina.connector.ResponseFacade@5308aacb','127.0.0.1','内网IP|0|0|内网IP|内网IP','2020-09-25 10:15:21'),(344756,NULL,'获取全部任务日志',14,'/system-job-log/get-all-job-log',' jobLogSearchVO: JobLogSearchVO(beanName=null, methodName=null, status=null, createTime=null, updateTime=null)','127.0.0.1','内网IP|0|0|内网IP|内网IP','2020-09-25 10:38:17'),(345717,'1111','获取全部任务',11,'/system-job/get-all-job',' jobSearchVO: JobSearchVO(beanName=null, methodName=null, status=null, createTime=null, updateTime=null)','127.0.0.1','内网IP|0|0|内网IP|内网IP','2020-09-25 09:57:38'),(353277,'1111','启用或停用任务',15,'/system-job/update-job-status',' jobId: \"500905\" status: \"1\"','127.0.0.1','内网IP|0|0|内网IP|内网IP','2020-09-25 14:24:25'),(353451,NULL,'获取全部任务',4,'/system-job/get-all-job',' jobSearchVO: JobSearchVO(beanName=null, methodName=null, status=null, createTime=null, updateTime=null)','127.0.0.1','内网IP|0|0|内网IP|内网IP','2020-09-25 11:02:22'),(366755,NULL,'用户登录',192,'/system-user/user-login',' userLoginRequest: UserLoginRequest(username=1111, password=123456, token=null) request: SecurityContextHolderAwareRequestWrapper[ org.springframework.security.web.header.HeaderWriterFilter$HeaderWriterRequest@206f8533] response: org.springframework.security.web.header.HeaderWriterFilter$HeaderWriterResponse@6e4a4616','127.0.0.1','内网IP|0|0|内网IP|内网IP','2020-09-27 14:54:21'),(367603,'1111','获取全部任务日志',9,'/system-job-log/get-all-job-log',' jobLogSearchVO: JobLogSearchVO(jobBeanName=null, jobMethodName=null, status=null, startTime=null, endTime=null)','127.0.0.1','内网IP|0|0|内网IP|内网IP','2020-09-25 14:25:01'),(374704,NULL,'获取全部任务日志',8,'/system-job-log/get-all-job-log',' jobLogSearchVO: JobLogSearchVO(jobBeanName=null, jobMethodName=null, status=null, startTime=null, endTime=null)','127.0.0.1','内网IP|0|0|内网IP|内网IP','2020-09-25 10:51:32'),(385949,'1111','用户登录',4,'/system-user/user-login',' userLoginRequest: UserLoginRequest(username=1111, password=123456, token=null) request: org.apache.catalina.connector.RequestFacade@400c89ca response: org.apache.catalina.connector.ResponseFacade@69f9b770','127.0.0.1','内网IP|0|0|内网IP|内网IP','2020-09-23 16:47:04'),(390421,NULL,'获取全部任务',4,'/system-job/get-all-job',' jobSearchVO: JobSearchVO(beanName=null, methodName=null, status=null, createTime=null, updateTime=null)','127.0.0.1','内网IP|0|0|内网IP|内网IP','2020-09-25 10:20:21'),(391720,'1111','用户登录',6,'/system-user/user-login',' userLoginRequest: UserLoginRequest(username=1111, password=123456, token=null) request: org.apache.catalina.connector.RequestFacade@6c7891fb response: org.apache.catalina.connector.ResponseFacade@36ff50d2','127.0.0.1','内网IP|0|0|内网IP|内网IP','2020-09-23 16:47:02'),(391740,NULL,'获取用户信息',6,'/system-user/get-user-info',' userLoginRequest: UserLoginRequest(username=null, password=null, token=eyJ0eXAiOiJKV1QiLCJhbGciOiJIUzI1NiJ9.eyJleHAiOjE2MDA5OTY1NTcsInVzZXJuYW1lIjoiMTExMSJ9._Ip45pzK_XyUibOaNOWlQdQglZ21LqJnR69S_2X9NAY) request: org.apache.catalina.connector.RequestFacade@181cd0db response: org.apache.catalina.connector.ResponseFacade@5308aacb','127.0.0.1','内网IP|0|0|内网IP|内网IP','2020-09-25 10:56:05'),(393999,NULL,'获取全部任务日志',9,'/system-job-log/get-all-job-log',' jobLogSearchVO: JobLogSearchVO(jobBeanName=null, jobMethodName=null, status=null, startTime=null, endTime=null)','127.0.0.1','内网IP|0|0|内网IP|内网IP','2020-09-25 10:51:47'),(395255,'1111','获取用户信息',13,'/system-user/get-user-info',' userLoginRequest: UserLoginRequest(username=null, password=null, token=eyJ0eXAiOiJKV1QiLCJhbGciOiJIUzI1NiJ9.eyJleHAiOjE2MDA5OTY1NTcsInVzZXJuYW1lIjoiMTExMSJ9._Ip45pzK_XyUibOaNOWlQdQglZ21LqJnR69S_2X9NAY) request: org.apache.catalina.connector.RequestFacade@797e45ad response: org.apache.catalina.connector.ResponseFacade@6e9e5d92','127.0.0.1','内网IP|0|0|内网IP|内网IP','2020-09-25 14:12:08'),(395305,'1111','获取全部任务',141,'/system-job/get-all-job',' jobSearchVO: JobSearchVO(beanName=null, methodName=null, status=null, createTime=null, updateTime=null)','127.0.0.1','内网IP|0|0|内网IP|内网IP','2020-09-25 09:49:44'),(396270,'1111','获取全部任务日志',5,'/system-job-log/get-all-job-log',' jobLogSearchVO: JobLogSearchVO(beanName=null, methodName=null, status=null, createTime=null, updateTime=null)','127.0.0.1','内网IP|0|0|内网IP|内网IP','2020-09-25 10:07:19'),(408050,'1111','获取用户信息',42,'/system-user/get-user-info',' userLoginRequest: UserLoginRequest(username=null, password=null, token=eyJ0eXAiOiJKV1QiLCJhbGciOiJIUzI1NiJ9.eyJleHAiOjE2MDA5OTY1NTcsInVzZXJuYW1lIjoiMTExMSJ9._Ip45pzK_XyUibOaNOWlQdQglZ21LqJnR69S_2X9NAY) request: org.apache.catalina.connector.RequestFacade@797e45ad response: org.apache.catalina.connector.ResponseFacade@6e9e5d92','127.0.0.1','内网IP|0|0|内网IP|内网IP','2020-09-25 14:10:43'),(408472,NULL,'获取用户信息',16,'/system-user/get-user-info',' userLoginRequest: UserLoginRequest(username=null, password=null, token=eyJ0eXAiOiJKV1QiLCJhbGciOiJIUzI1NiJ9.eyJleHAiOjE2MDA5OTY1NTcsInVzZXJuYW1lIjoiMTExMSJ9._Ip45pzK_XyUibOaNOWlQdQglZ21LqJnR69S_2X9NAY) request: org.apache.catalina.connector.RequestFacade@181cd0db response: org.apache.catalina.connector.ResponseFacade@5308aacb','127.0.0.1','内网IP|0|0|内网IP|内网IP','2020-09-25 10:44:00'),(414444,NULL,'获取用户信息',21,'/system-user/get-user-info',' userLoginRequest: UserLoginRequest(username=null, password=null, token=eyJ0eXAiOiJKV1QiLCJhbGciOiJIUzI1NiJ9.eyJleHAiOjE2MDA5OTY1NTcsInVzZXJuYW1lIjoiMTExMSJ9._Ip45pzK_XyUibOaNOWlQdQglZ21LqJnR69S_2X9NAY) request: org.apache.catalina.connector.RequestFacade@4f89597 response: org.apache.catalina.connector.ResponseFacade@23cd815f','127.0.0.1','内网IP|0|0|内网IP|内网IP','2020-09-25 11:20:49'),(418624,'1111','启用或停用任务',42,'/system-job/update-job-status',' jobId: \"500905\" status: \"1\"','127.0.0.1','内网IP|0|0|内网IP|内网IP','2020-09-25 09:44:46'),(427181,NULL,'获取全部任务日志',10,'/system-job-log/get-all-job-log',' jobLogSearchVO: JobLogSearchVO(jobBeanName=null, jobMethodName=null, status=null, startTime=null, endTime=null)','127.0.0.1','内网IP|0|0|内网IP|内网IP','2020-09-25 10:56:18'),(428345,NULL,'获取全部任务',3,'/system-job/get-all-job',' jobSearchVO: JobSearchVO(beanName=null, methodName=null, status=null, createTime=null, updateTime=null)','127.0.0.1','内网IP|0|0|内网IP|内网IP','2020-09-25 11:45:33'),(435815,NULL,'获取全部任务日志',6,'/system-job-log/get-all-job-log',' jobLogSearchVO: JobLogSearchVO(jobBeanName=null, jobMethodName=null, status=null, startTime=null, endTime=null)','127.0.0.1','内网IP|0|0|内网IP|内网IP','2020-09-25 10:50:43'),(437030,'1111','获取全部任务',5,'/system-job/get-all-job',' jobSearchVO: JobSearchVO(beanName=null, methodName=null, status=null, createTime=null, updateTime=null)','127.0.0.1','内网IP|0|0|内网IP|内网IP','2020-09-25 09:45:21'),(437601,NULL,'获取全部任务日志',6,'/system-job-log/get-all-job-log',' jobLogSearchVO: JobLogSearchVO(jobBeanName=null, jobMethodName=null, status=null, startTime=null, endTime=null)','127.0.0.1','内网IP|0|0|内网IP|内网IP','2020-09-25 10:54:34'),(438618,NULL,'获取全部任务日志',4,'/system-job-log/get-all-job-log',' jobLogSearchVO: JobLogSearchVO(jobBeanName=null, jobMethodName=null, status=null, startTime=null, endTime=null)','127.0.0.1','内网IP|0|0|内网IP|内网IP','2020-09-25 11:45:35'),(440976,NULL,'获取全部任务',3,'/system-job/get-all-job',' jobSearchVO: JobSearchVO(beanName=null, methodName=null, status=null, createTime=null, updateTime=null)','127.0.0.1','内网IP|0|0|内网IP|内网IP','2020-09-25 10:46:58'),(445004,NULL,'用户登录',65,'/system-user/user-login',' userLoginRequest: UserLoginRequest(username=admin, password=123456, token=null) request: org.apache.catalina.connector.RequestFacade@2f9dc477 response: org.apache.catalina.connector.ResponseFacade@357aac2c','127.0.0.1','内网IP|0|0|内网IP|内网IP','2020-09-25 09:13:12'),(445169,NULL,'获取用户信息',6,'/system-user/get-user-info',' userLoginRequest: UserLoginRequest(username=null, password=null, token=eyJ0eXAiOiJKV1QiLCJhbGciOiJIUzI1NiJ9.eyJleHAiOjE2MDA5OTY1NTcsInVzZXJuYW1lIjoiMTExMSJ9._Ip45pzK_XyUibOaNOWlQdQglZ21LqJnR69S_2X9NAY) request: org.apache.catalina.connector.RequestFacade@4f89597 response: org.apache.catalina.connector.ResponseFacade@23cd815f','127.0.0.1','内网IP|0|0|内网IP|内网IP','2020-09-25 11:46:29'),(446797,NULL,'获取全部任务日志',7,'/system-job-log/get-all-job-log',' jobLogSearchVO: JobLogSearchVO(jobBeanName=null, jobMethodName=null, status=null, startTime=null, endTime=null)','127.0.0.1','内网IP|0|0|内网IP|内网IP','2020-09-25 11:44:21'),(450208,NULL,'用户登录',418,'/system-user/user-login',' userLoginRequest: UserLoginRequest(username=1111, password=123, token=string) request: SecurityContextHolderAwareRequestWrapper[ org.springframework.security.web.header.HeaderWriterFilter$HeaderWriterRequest@10af2e6a] response: org.springframework.security.web.header.HeaderWriterFilter$HeaderWriterResponse@59e45c55','127.0.0.1','内网IP|0|0|内网IP|内网IP','2020-09-27 14:33:18'),(450880,NULL,'添加任务',14,'/system-job/add-job',' jobRequestDTO: JobRequestDTO(beanName=测试任务, methodName=测试方法, params=测试参数, cronExpression=0/2 * * * * ?, status=0, remark=测试备注)','127.0.0.1','内网IP|0|0|内网IP|内网IP','2020-09-25 11:44:15'),(451511,NULL,'获取全部任务日志',6,'/system-job-log/get-all-job-log',' jobLogSearchVO: JobLogSearchVO(jobBeanName=null, jobMethodName=null, status=0, startTime=null, endTime=null)','127.0.0.1','内网IP|0|0|内网IP|内网IP','2020-09-25 10:52:03'),(458132,NULL,'获取全部任务日志',7,'/system-job-log/get-all-job-log',' jobLogSearchVO: JobLogSearchVO(beanName=null, methodName=null, status=null, createTime=null, updateTime=null)','127.0.0.1','内网IP|0|0|内网IP|内网IP','2020-09-25 10:27:52'),(461537,NULL,'获取全部任务日志',3,'/system-job-log/get-all-job-log',' jobLogSearchVO: JobLogSearchVO(beanName=null, methodName=null, status=null, createTime=null, updateTime=null)','127.0.0.1','内网IP|0|0|内网IP|内网IP','2020-09-25 10:27:38'),(463266,NULL,'获取用户信息',43446,'/system-user/get-user-info',' userLoginRequest: UserLoginRequest(username=null, password=null, token=eyJhbGciOiJIUzUxMiJ9.eyJBVVRIT1JJVElFUyI6W3siYXV0aG9yaXR5IjoiY2hhdCJ9LHsiYXV0aG9yaXR5Ijoiam9iIn0seyJhdXRob3JpdHkiOiJqb2ItbG9nIn0seyJhdXRob3JpdHkiOiJsb2cifSx7ImF1dGhvcml0eSI6Im1lbnUifSx7ImF1dGhvcml0eSI6Im1lbnU6YWRkIn0seyJhdXRob3JpdHkiOiJtZW51OmRlbGV0ZSJ9LHsiYXV0aG9yaXR5IjoibWVudTplZGl0In0seyJhdXRob3JpdHkiOiJyb2xlIn0seyJhdXRob3JpdHkiOiJyb2xlOmFkZCJ9LHsiYXV0aG9yaXR5Ijoicm9sZTpkZWxldGUifSx7ImF1dGhvcml0eSI6InJvbGU6ZWRpdCJ9LHsiYXV0aG9yaXR5Ijoicm9sZVNldHRpbmcifSx7ImF1dGhvcml0eSI6InN5c3RlbUpvYiJ9LHsiYXV0aG9yaXR5Ijoic3lzdGVtTG9nIn0seyJhdXRob3JpdHkiOiJzeXN0ZW1NYW5hZ2UifSx7ImF1dGhvcml0eSI6InVzZXIifSx7ImF1dGhvcml0eSI6InVzZXI6YWRkIn0seyJhdXRob3JpdHkiOiJ1c2VyOmRlbGV0ZSJ9LHsiYXV0aG9yaXR5IjoidXNlcjplZGl0In0seyJhdXRob3JpdHkiOiJ1c2VyOmVuYWJsZSJ9XSwiZXhwIjoxNjAxMTkwNTcwLCJjcmVhdGVkIjoxNjAxMTkwNTY3MTY1LCJ1c2VybmFtZSI6eyJwYXNzd29yZCI6bnVsbCwidXNlcm5hbWUiOiIxMTExIiwiYXV0aG9yaXRpZXMiOlt7ImF1dGhvcml0eSI6ImNoYXQifSx7ImF1dGhvcml0eSI6ImpvYiJ9LHsiYXV0aG9yaXR5Ijoiam9iLWxvZyJ9LHsiYXV0aG9yaXR5IjoibG9nIn0seyJhdXRob3JpdHkiOiJtZW51In0seyJhdXRob3JpdHkiOiJtZW51OmFkZCJ9LHsiYXV0aG9yaXR5IjoibWVudTpkZWxldGUifSx7ImF1dGhvcml0eSI6Im1lbnU6ZWRpdCJ9LHsiYXV0aG9yaXR5Ijoicm9sZSJ9LHsiYXV0aG9yaXR5Ijoicm9sZTphZGQifSx7ImF1dGhvcml0eSI6InJvbGU6ZGVsZXRlIn0seyJhdXRob3JpdHkiOiJyb2xlOmVkaXQifSx7ImF1dGhvcml0eSI6InJvbGVTZXR0aW5nIn0seyJhdXRob3JpdHkiOiJzeXN0ZW1Kb2IifSx7ImF1dGhvcml0eSI6InN5c3RlbUxvZyJ9LHsiYXV0aG9yaXR5Ijoic3lzdGVtTWFuYWdlIn0seyJhdXRob3JpdHkiOiJ1c2VyIn0seyJhdXRob3JpdHkiOiJ1c2VyOmFkZCJ9LHsiYXV0aG9yaXR5IjoidXNlcjpkZWxldGUifSx7ImF1dGhvcml0eSI6InVzZXI6ZWRpdCJ9LHsiYXV0aG9yaXR5IjoidXNlcjplbmFibGUifV0sImFjY291bnROb25FeHBpcmVkIjp0cnVlLCJhY2NvdW50Tm9uTG9ja2VkIjp0cnVlLCJjcmVkZW50aWFsc05vbkV4cGlyZWQiOnRydWUsImVuYWJsZWQiOnRydWV9fQ.iW14v3I5uZSD5zphOdq0goyLncd-rginObbpYx03xvk_IXWyEB6eOxvxWnAaeJn6OuJQMmoXdG3XuOanRbshig) request: SecurityContextHolderAwareRequestWrapper[ org.springframework.security.web.header.HeaderWriterFilter$HeaderWriterRequest@4f259645] response: org.springframework.security.web.header.HeaderWriterFilter$HeaderWriterResponse@83b0fc8','127.0.0.1','内网IP|0|0|内网IP|内网IP','2020-09-27 15:10:16'),(465337,'1111','获取全部任务日志',4,'/system-job-log/get-all-job-log',' jobLogSearchVO: JobLogSearchVO(beanName=null, methodName=null, status=null, createTime=null, updateTime=null)','127.0.0.1','内网IP|0|0|内网IP|内网IP','2020-09-25 10:07:26'),(470800,NULL,'获取全部任务日志',5,'/system-job-log/get-all-job-log',' jobLogSearchVO: JobLogSearchVO(jobBeanName=null, jobMethodName=null, status=null, startTime=null, endTime=null)','127.0.0.1','内网IP|0|0|内网IP|内网IP','2020-09-25 11:02:06'),(472370,'1111','获取用户信息',4,'/system-user/get-user-info',' userLoginRequest: UserLoginRequest(username=null, password=null, token=eyJ0eXAiOiJKV1QiLCJhbGciOiJIUzI1NiJ9.eyJleHAiOjE2MDA5OTY1NTcsInVzZXJuYW1lIjoiMTExMSJ9._Ip45pzK_XyUibOaNOWlQdQglZ21LqJnR69S_2X9NAY) request: org.apache.catalina.connector.RequestFacade@181cd0db response: org.apache.catalina.connector.ResponseFacade@5308aacb','127.0.0.1','内网IP|0|0|内网IP|内网IP','2020-09-25 10:15:25'),(474514,NULL,'获取全部任务',5,'/system-job/get-all-job',' jobSearchVO: JobSearchVO(beanName=null, methodName=null, status=null, createTime=null, updateTime=null)','127.0.0.1','内网IP|0|0|内网IP|内网IP','2020-09-25 10:50:35'),(475756,NULL,'获取全部任务',4,'/system-job/get-all-job',' jobSearchVO: JobSearchVO(beanName=null, methodName=null, status=null, createTime=null, updateTime=null)','127.0.0.1','内网IP|0|0|内网IP|内网IP','2020-09-25 11:03:13'),(478604,'1111','获取全部任务日志',12,'/system-job-log/get-all-job-log',' jobLogSearchVO: JobLogSearchVO(beanName=null, methodName=null, status=null, createTime=null, updateTime=null)','127.0.0.1','内网IP|0|0|内网IP|内网IP','2020-09-25 10:15:17'),(482677,NULL,'获取用户信息',10,'/system-user/get-user-info',' userLoginRequest: UserLoginRequest(username=null, password=null, token=eyJ0eXAiOiJKV1QiLCJhbGciOiJIUzI1NiJ9.eyJleHAiOjE2MDA5OTY1NTcsInVzZXJuYW1lIjoiMTExMSJ9._Ip45pzK_XyUibOaNOWlQdQglZ21LqJnR69S_2X9NAY) request: org.apache.catalina.connector.RequestFacade@4f89597 response: org.apache.catalina.connector.ResponseFacade@23cd815f','127.0.0.1','内网IP|0|0|内网IP|内网IP','2020-09-25 11:21:31'),(486064,NULL,'获取全部任务日志',6,'/system-job-log/get-all-job-log',' jobLogSearchVO: JobLogSearchVO(jobBeanName=null, jobMethodName=null, status=null, startTime=null, endTime=null)','127.0.0.1','内网IP|0|0|内网IP|内网IP','2020-09-25 10:51:46'),(492485,NULL,'启用或停用任务',21,'/system-job/update-job-status',' jobId: \"747322\" status: \"0\"','127.0.0.1','内网IP|0|0|内网IP|内网IP','2020-09-25 11:52:45'),(494848,NULL,'获取用户信息',13,'/system-user/get-user-info',' userLoginRequest: UserLoginRequest(username=null, password=null, token=eyJ0eXAiOiJKV1QiLCJhbGciOiJIUzI1NiJ9.eyJleHAiOjE2MDA5OTY1NTcsInVzZXJuYW1lIjoiMTExMSJ9._Ip45pzK_XyUibOaNOWlQdQglZ21LqJnR69S_2X9NAY) request: org.apache.catalina.connector.RequestFacade@181cd0db response: org.apache.catalina.connector.ResponseFacade@5308aacb','127.0.0.1','内网IP|0|0|内网IP|内网IP','2020-09-25 10:47:43'),(494911,NULL,'获取全部任务日志',4,'/system-job-log/get-all-job-log',' jobLogSearchVO: JobLogSearchVO(jobBeanName=null, jobMethodName=null, status=0, startTime=null, endTime=null)','127.0.0.1','内网IP|0|0|内网IP|内网IP','2020-09-25 10:52:01'),(502128,NULL,'获取全部任务',7,'/system-job/get-all-job',' jobSearchVO: JobSearchVO(beanName=null, methodName=null, status=null, createTime=null, updateTime=null)','127.0.0.1','内网IP|0|0|内网IP|内网IP','2020-09-25 11:19:01'),(502653,'1111','获取全部任务日志',10,'/system-job-log/get-all-job-log',' jobLogSearchVO: JobLogSearchVO(jobBeanName=null, jobMethodName=null, status=null, startTime=null, endTime=null)','127.0.0.1','内网IP|0|0|内网IP|内网IP','2020-09-25 14:09:41'),(506931,NULL,'获取全部任务日志',4,'/system-job-log/get-all-job-log',' jobLogSearchVO: JobLogSearchVO(jobBeanName=null, jobMethodName=null, status=0, startTime=null, endTime=null)','127.0.0.1','内网IP|0|0|内网IP|内网IP','2020-09-25 10:51:57'),(507011,NULL,'获取全部任务日志',6,'/system-job-log/get-all-job-log',' jobLogSearchVO: JobLogSearchVO(jobBeanName=null, jobMethodName=null, status=null, startTime=null, endTime=null)','127.0.0.1','内网IP|0|0|内网IP|内网IP','2020-09-25 11:44:25'),(511394,'1111','获取全部日志',12,'/system-log/get-all-log',' logSearchVO: LogSearchVO(page=1, limit=10)','127.0.0.1','内网IP|0|0|内网IP|内网IP','2020-09-27 15:55:33'),(516406,'1111','获取用户信息',14,'/system-user/get-user-info',' userLoginRequest: UserLoginRequest(username=null, password=null, token=eyJ0eXAiOiJKV1QiLCJhbGciOiJIUzI1NiJ9.eyJleHAiOjE2MDA5OTY1NTcsInVzZXJuYW1lIjoiMTExMSJ9._Ip45pzK_XyUibOaNOWlQdQglZ21LqJnR69S_2X9NAY) request: org.apache.catalina.connector.RequestFacade@2f9dc477 response: org.apache.catalina.connector.ResponseFacade@357aac2c','127.0.0.1','内网IP|0|0|内网IP|内网IP','2020-09-25 09:21:56'),(517338,'1111','获取全部任务',4,'/system-job/get-all-job',' jobSearchVO: JobSearchVO(beanName=null, methodName=null, status=null, createTime=null, updateTime=null)','127.0.0.1','内网IP|0|0|内网IP|内网IP','2020-09-22 17:03:14'),(518214,'1111','获取全部任务',9,'/system-job/get-all-job',NULL,'127.0.0.1','内网IP|0|0|内网IP|内网IP','2020-09-22 17:02:20'),(520309,NULL,'获取全部任务日志',11,'/system-job-log/get-all-job-log',' jobLogSearchVO: JobLogSearchVO(jobBeanName=null, jobMethodName=null, status=null, startTime=null, endTime=null)','127.0.0.1','内网IP|0|0|内网IP|内网IP','2020-09-25 10:46:15'),(525146,NULL,'获取全部任务日志',5,'/system-job-log/get-all-job-log',' jobLogSearchVO: JobLogSearchVO(beanName=null, methodName=null, status=null, createTime=null, updateTime=null)','127.0.0.1','内网IP|0|0|内网IP|内网IP','2020-09-25 10:20:22'),(530046,NULL,'获取全部任务',72,'/system-job/get-all-job',' jobSearchVO: JobSearchVO(beanName=null, methodName=null, status=null, createTime=null, updateTime=null)','127.0.0.1','内网IP|0|0|内网IP|内网IP','2020-09-25 11:54:19'),(530558,'1111','用户登录',5,'/system-user/user-login',' userLoginRequest: UserLoginRequest(username=1111, password=123456, token=null) request: org.apache.catalina.connector.RequestFacade@11b696d9 response: org.apache.catalina.connector.ResponseFacade@572f4f1f','127.0.0.1','内网IP|0|0|内网IP|内网IP','2020-09-23 16:47:05'),(532460,NULL,'获取全部日志',11,'/system-log/get-all-log',' logSearchVO: LogSearchVO(page=1, limit=10)','127.0.0.1','内网IP|0|0|内网IP|内网IP','2020-09-25 10:27:02'),(534666,NULL,'获取用户信息',52,'/system-user/get-user-info',' userLoginRequest: UserLoginRequest(username=null, password=null, token=eyJ0eXAiOiJKV1QiLCJhbGciOiJIUzI1NiJ9.eyJleHAiOjE2MDA5OTY1NTcsInVzZXJuYW1lIjoiMTExMSJ9._Ip45pzK_XyUibOaNOWlQdQglZ21LqJnR69S_2X9NAY) request: org.apache.catalina.connector.RequestFacade@4f89597 response: org.apache.catalina.connector.ResponseFacade@23cd815f','127.0.0.1','内网IP|0|0|内网IP|内网IP','2020-09-25 11:44:25'),(538016,'1111','获取用户信息',6,'/system-user/get-user-info',' userLoginRequest: UserLoginRequest(username=null, password=null, token=eyJ0eXAiOiJKV1QiLCJhbGciOiJIUzI1NiJ9.eyJleHAiOjE2MDA5OTY1NTcsInVzZXJuYW1lIjoiMTExMSJ9._Ip45pzK_XyUibOaNOWlQdQglZ21LqJnR69S_2X9NAY) request: org.apache.catalina.connector.RequestFacade@181cd0db response: org.apache.catalina.connector.ResponseFacade@5308aacb','127.0.0.1','内网IP|0|0|内网IP|内网IP','2020-09-25 10:14:40'),(540004,NULL,'启用或停用任务',7,'/system-job/update-job-status',' jobId: \"889819\" status: \"1\"','127.0.0.1','内网IP|0|0|内网IP|内网IP','2020-09-25 11:44:19'),(542110,'1111','获取全部任务',7,'/system-job/get-all-job',' jobSearchVO: JobSearchVO(beanName=null, methodName=null, status=null, createTime=null, updateTime=null)','127.0.0.1','内网IP|0|0|内网IP|内网IP','2020-09-22 16:56:56'),(549972,NULL,'获取用户信息',54,'/system-user/get-user-info',' userLoginRequest: UserLoginRequest(username=null, password=null, token=eyJhbGciOiJIUzUxMiJ9.eyJBVVRIT1JJVElFUyI6W3siYXV0aG9yaXR5IjoiY2hhdCJ9LHsiYXV0aG9yaXR5Ijoiam9iIn0seyJhdXRob3JpdHkiOiJqb2ItbG9nIn0seyJhdXRob3JpdHkiOiJsb2cifSx7ImF1dGhvcml0eSI6Im1lbnUifSx7ImF1dGhvcml0eSI6Im1lbnU6YWRkIn0seyJhdXRob3JpdHkiOiJtZW51OmRlbGV0ZSJ9LHsiYXV0aG9yaXR5IjoibWVudTplZGl0In0seyJhdXRob3JpdHkiOiJyb2xlIn0seyJhdXRob3JpdHkiOiJyb2xlOmFkZCJ9LHsiYXV0aG9yaXR5Ijoicm9sZTpkZWxldGUifSx7ImF1dGhvcml0eSI6InJvbGU6ZWRpdCJ9LHsiYXV0aG9yaXR5Ijoicm9sZVNldHRpbmcifSx7ImF1dGhvcml0eSI6InN5c3RlbUpvYiJ9LHsiYXV0aG9yaXR5Ijoic3lzdGVtTG9nIn0seyJhdXRob3JpdHkiOiJzeXN0ZW1NYW5hZ2UifSx7ImF1dGhvcml0eSI6InVzZXIifSx7ImF1dGhvcml0eSI6InVzZXI6YWRkIn0seyJhdXRob3JpdHkiOiJ1c2VyOmRlbGV0ZSJ9LHsiYXV0aG9yaXR5IjoidXNlcjplZGl0In0seyJhdXRob3JpdHkiOiJ1c2VyOmVuYWJsZSJ9XSwiZXhwIjoxNjAxMTkwMDgyLCJjcmVhdGVkIjoxNjAxMTkwMDc4NTMxLCJ1c2VybmFtZSI6eyJwYXNzd29yZCI6bnVsbCwidXNlcm5hbWUiOiIxMTExIiwiYXV0aG9yaXRpZXMiOlt7ImF1dGhvcml0eSI6ImNoYXQifSx7ImF1dGhvcml0eSI6ImpvYiJ9LHsiYXV0aG9yaXR5Ijoiam9iLWxvZyJ9LHsiYXV0aG9yaXR5IjoibG9nIn0seyJhdXRob3JpdHkiOiJtZW51In0seyJhdXRob3JpdHkiOiJtZW51OmFkZCJ9LHsiYXV0aG9yaXR5IjoibWVudTpkZWxldGUifSx7ImF1dGhvcml0eSI6Im1lbnU6ZWRpdCJ9LHsiYXV0aG9yaXR5Ijoicm9sZSJ9LHsiYXV0aG9yaXR5Ijoicm9sZTphZGQifSx7ImF1dGhvcml0eSI6InJvbGU6ZGVsZXRlIn0seyJhdXRob3JpdHkiOiJyb2xlOmVkaXQifSx7ImF1dGhvcml0eSI6InJvbGVTZXR0aW5nIn0seyJhdXRob3JpdHkiOiJzeXN0ZW1Kb2IifSx7ImF1dGhvcml0eSI6InN5c3RlbUxvZyJ9LHsiYXV0aG9yaXR5Ijoic3lzdGVtTWFuYWdlIn0seyJhdXRob3JpdHkiOiJ1c2VyIn0seyJhdXRob3JpdHkiOiJ1c2VyOmFkZCJ9LHsiYXV0aG9yaXR5IjoidXNlcjpkZWxldGUifSx7ImF1dGhvcml0eSI6InVzZXI6ZWRpdCJ9LHsiYXV0aG9yaXR5IjoidXNlcjplbmFibGUifV0sImFjY291bnROb25FeHBpcmVkIjp0cnVlLCJhY2NvdW50Tm9uTG9ja2VkIjp0cnVlLCJjcmVkZW50aWFsc05vbkV4cGlyZWQiOnRydWUsImVuYWJsZWQiOnRydWV9fQ.Ww-UL7hJjVl7M-pw4dfHq0Sw38B9Z2nEcHgaCbyRIbUem6WUtLoYx5a-Gn7uFiJO3RQpZTHoh7fwqxeYk8nmQw) request: SecurityContextHolderAwareRequestWrapper[ org.springframework.security.web.header.HeaderWriterFilter$HeaderWriterRequest@20d503d3] response: org.springframework.security.web.header.HeaderWriterFilter$HeaderWriterResponse@61fca398','127.0.0.1','内网IP|0|0|内网IP|内网IP','2020-09-27 15:01:19'),(550837,NULL,'获取全部任务日志',5,'/system-job-log/get-all-job-log',' jobLogSearchVO: JobLogSearchVO(beanName=null, methodName=null, status=null, createTime=null, updateTime=null)','127.0.0.1','内网IP|0|0|内网IP|内网IP','2020-09-25 10:38:04'),(551210,'1111','获取全部任务',5,'/system-job/get-all-job',' jobSearchVO: JobSearchVO(beanName=null, methodName=null, status=null, createTime=null, updateTime=null)','127.0.0.1','内网IP|0|0|内网IP|内网IP','2020-09-25 14:16:22'),(556903,NULL,'获取全部日志',3,'/system-log/get-all-log',' logSearchVO: LogSearchVO(page=1, limit=10)','127.0.0.1','内网IP|0|0|内网IP|内网IP','2020-09-25 11:03:08'),(561246,NULL,'获取全部日志',17,'/system-log/get-all-log',' logSearchVO: LogSearchVO(page=1, limit=10)','127.0.0.1','内网IP|0|0|内网IP|内网IP','2020-09-25 11:02:46'),(565516,'1111','获取全部日志',45,'/system-log/get-all-log',' logSearchVO: LogSearchVO(page=1, limit=10)','127.0.0.1','内网IP|0|0|内网IP|内网IP','2020-09-25 14:11:18'),(571320,'1111','获取全部任务日志',8,'/system-job-log/get-all-job-log',' jobLogSearchVO: JobLogSearchVO(beanName=null, methodName=null, status=null, createTime=null, updateTime=null)','127.0.0.1','内网IP|0|0|内网IP|内网IP','2020-09-25 10:07:22'),(580597,NULL,'获取用户信息',68,'/system-user/get-user-info',' userLoginRequest: UserLoginRequest(username=null, password=null, token=eyJ0eXAiOiJKV1QiLCJhbGciOiJIUzI1NiJ9.eyJleHAiOjE2MDA5OTY1NTcsInVzZXJuYW1lIjoiMTExMSJ9._Ip45pzK_XyUibOaNOWlQdQglZ21LqJnR69S_2X9NAY) request: org.apache.catalina.connector.RequestFacade@4f89597 response: org.apache.catalina.connector.ResponseFacade@23cd815f','127.0.0.1','内网IP|0|0|内网IP|内网IP','2020-09-25 11:36:37'),(581138,NULL,'获取全部日志',207,'/system-log/get-all-log',' logSearchVO: LogSearchVO(page=0, limit=0)','127.0.0.1','内网IP|0|0|内网IP|内网IP','2020-09-27 14:38:51'),(585311,'1111','获取用户信息',17,'/system-user/get-user-info',' userLoginRequest: UserLoginRequest(username=null, password=null, token=eyJ0eXAiOiJKV1QiLCJhbGciOiJIUzI1NiJ9.eyJleHAiOjE2MDA5OTY1NTcsInVzZXJuYW1lIjoiMTExMSJ9._Ip45pzK_XyUibOaNOWlQdQglZ21LqJnR69S_2X9NAY) request: org.apache.catalina.connector.RequestFacade@181cd0db response: org.apache.catalina.connector.ResponseFacade@5308aacb','127.0.0.1','内网IP|0|0|内网IP|内网IP','2020-09-25 09:57:37'),(585779,NULL,'用户登录',26927,'/system-user/user-login',' userLoginRequest: UserLoginRequest(username=1111, password=123456, token=null) request: SecurityContextHolderAwareRequestWrapper[ org.springframework.security.web.header.HeaderWriterFilter$HeaderWriterRequest@46e88877] response: org.springframework.security.web.header.HeaderWriterFilter$HeaderWriterResponse@619433a7','127.0.0.1','内网IP|0|0|内网IP|内网IP','2020-09-27 15:09:19'),(592338,NULL,'获取全部任务',12,'/system-job/get-all-job',' jobSearchVO: JobSearchVO(beanName=null, methodName=null, status=null, createTime=null, updateTime=null)','127.0.0.1','内网IP|0|0|内网IP|内网IP','2020-09-25 11:36:38'),(594149,'1111','获取用户信息',21,'/system-user/get-user-info',' userLoginRequest: UserLoginRequest(username=null, password=null, token=eyJ0eXAiOiJKV1QiLCJhbGciOiJIUzI1NiJ9.eyJleHAiOjE2MDA5OTY1NTcsInVzZXJuYW1lIjoiMTExMSJ9._Ip45pzK_XyUibOaNOWlQdQglZ21LqJnR69S_2X9NAY) request: org.apache.catalina.connector.RequestFacade@2f9dc477 response: org.apache.catalina.connector.ResponseFacade@357aac2c','127.0.0.1','内网IP|0|0|内网IP|内网IP','2020-09-25 09:42:36'),(595240,'1111','启用或停用任务',28,'/system-job/update-job-status',' jobId: \"747322\" status: \"1\"','127.0.0.1','内网IP|0|0|内网IP|内网IP','2020-09-25 14:24:24'),(595527,'1111','启用或停用任务',20,'/system-job/update-job-status',' jobId: \"500905\" status: \"0\"','127.0.0.1','内网IP|0|0|内网IP|内网IP','2020-09-25 14:23:13'),(599337,NULL,'获取全部任务',5,'/system-job/get-all-job',' jobSearchVO: JobSearchVO(beanName=null, methodName=null, status=null, createTime=null, updateTime=null)','127.0.0.1','内网IP|0|0|内网IP|内网IP','2020-09-25 11:36:54'),(605786,NULL,'获取全部任务',9,'/system-job/get-all-job',' jobSearchVO: JobSearchVO(beanName=null, methodName=null, status=null, createTime=null, updateTime=null)','127.0.0.1','内网IP|0|0|内网IP|内网IP','2020-09-25 11:17:33'),(605896,NULL,'获取全部任务',4,'/system-job/get-all-job',' jobSearchVO: JobSearchVO(beanName=null, methodName=null, status=null, createTime=null, updateTime=null)','127.0.0.1','内网IP|0|0|内网IP|内网IP','2020-09-25 10:27:36'),(608526,NULL,'获取全部任务日志',4,'/system-job-log/get-all-job-log',' jobLogSearchVO: JobLogSearchVO(jobBeanName=null, jobMethodName=null, status=0, startTime=null, endTime=null)','127.0.0.1','内网IP|0|0|内网IP|内网IP','2020-09-25 10:51:59'),(614546,'1111','获取全部用户',10,'/system-user/get-all-user',' userSearchRequest: UserSearchRequest(page=1, limit=10, userName=null, userEmail=null, userPhone=null, userStatus=null, createTime=null, updateTime=null)','127.0.0.1','内网IP|0|0|内网IP|内网IP','2020-09-22 17:07:28'),(614938,'1111','获取全部任务',6,'/system-job/get-all-job',' jobSearchVO: JobSearchVO(beanName=null, methodName=null, status=null, createTime=null, updateTime=null)','127.0.0.1','内网IP|0|0|内网IP|内网IP','2020-09-22 16:56:48'),(617336,NULL,'获取全部任务日志',18,'/system-job-log/get-all-job-log',' jobLogSearchVO: JobLogSearchVO(jobBeanName=11, jobMethodName=null, status=null, startTime=null, endTime=Fri Sep 25 10:46:24 CST 2020)','127.0.0.1','内网IP|0|0|内网IP|内网IP','2020-09-25 10:46:43'),(617561,NULL,'用户登录',317,'/system-user/user-login',' userLoginRequest: UserLoginRequest(username=1111, password=123456, token=null) request: SecurityContextHolderAwareRequestWrapper[ org.springframework.security.web.header.HeaderWriterFilter$HeaderWriterRequest@1988ec4d] response: org.springframework.security.web.header.HeaderWriterFilter$HeaderWriterResponse@6f63dec8','127.0.0.1','内网IP|0|0|内网IP|内网IP','2020-09-27 15:34:15'),(619691,'1111','启用或停用任务',18,'/system-job/update-job-status',' jobId: \"747322\" status: \"0\"','127.0.0.1','内网IP|0|0|内网IP|内网IP','2020-09-25 14:22:38'),(622170,NULL,'获取全部任务',3,'/system-job/get-all-job',' jobSearchVO: JobSearchVO(beanName=null, methodName=null, status=null, createTime=null, updateTime=null)','127.0.0.1','内网IP|0|0|内网IP|内网IP','2020-09-25 11:37:01'),(625043,'1111','获取全部任务',6,'/system-job/get-all-job',' jobSearchVO: JobSearchVO(beanName=null, methodName=null, status=null, createTime=null, updateTime=null)','127.0.0.1','内网IP|0|0|内网IP|内网IP','2020-09-27 15:54:42'),(625245,'1111','获取全部任务',91,'/system-job/get-all-job',' jobSearchVO: JobSearchVO(beanName=null, methodName=null, status=null, createTime=null, updateTime=null)','127.0.0.1','内网IP|0|0|内网IP|内网IP','2020-09-25 11:55:54'),(626483,NULL,'获取全部用户',4,'/system-user/get-all-user',' userSearchRequest: UserSearchRequest(page=1, limit=10, userName=null, userEmail=null, userPhone=null, userStatus=null, createTime=null, updateTime=null)','127.0.0.1','内网IP|0|0|内网IP|内网IP','2020-09-25 10:20:19'),(628494,'1111','启用或停用任务',27,'/system-job/update-job-status',' jobId: \"500905\" status: \"0\"','127.0.0.1','内网IP|0|0|内网IP|内网IP','2020-09-25 09:50:00'),(628727,'1111','用户登录',35,'/system-user/user-login',' userLoginRequest: UserLoginRequest(username=1111, password=123456, token=null) request: org.apache.catalina.connector.RequestFacade@6c7891fb response: org.apache.catalina.connector.ResponseFacade@36ff50d2','127.0.0.1','内网IP|0|0|内网IP|内网IP','2020-09-23 16:46:19'),(631193,NULL,'删除任务',11,'/system-job/delete-job',' jobId: \"782153\"','127.0.0.1','内网IP|0|0|内网IP|内网IP','2020-09-25 11:37:01'),(632991,NULL,'获取用户信息',12,'/system-user/get-user-info',' userLoginRequest: UserLoginRequest(username=null, password=null, token=eyJ0eXAiOiJKV1QiLCJhbGciOiJIUzI1NiJ9.eyJleHAiOjE2MDA5OTY1NTcsInVzZXJuYW1lIjoiMTExMSJ9._Ip45pzK_XyUibOaNOWlQdQglZ21LqJnR69S_2X9NAY) request: org.apache.catalina.connector.RequestFacade@181cd0db response: org.apache.catalina.connector.ResponseFacade@5308aacb','127.0.0.1','内网IP|0|0|内网IP|内网IP','2020-09-25 10:45:27'),(639489,NULL,'获取全部任务',13,'/system-job/get-all-job',' jobSearchVO: JobSearchVO(beanName=null, methodName=null, status=null, createTime=null, updateTime=null)','127.0.0.1','内网IP|0|0|内网IP|内网IP','2020-09-25 11:54:30'),(640368,NULL,'获取用户信息',7,'/system-user/get-user-info',' userLoginRequest: UserLoginRequest(username=null, password=null, token=eyJ0eXAiOiJKV1QiLCJhbGciOiJIUzI1NiJ9.eyJleHAiOjE2MDA5OTY1NTcsInVzZXJuYW1lIjoiMTExMSJ9._Ip45pzK_XyUibOaNOWlQdQglZ21LqJnR69S_2X9NAY) request: org.apache.catalina.connector.RequestFacade@181cd0db response: org.apache.catalina.connector.ResponseFacade@5308aacb','127.0.0.1','内网IP|0|0|内网IP|内网IP','2020-09-25 10:50:43'),(648921,NULL,'获取用户信息',6,'/system-user/get-user-info',' userLoginRequest: UserLoginRequest(username=null, password=null, token=eyJ0eXAiOiJKV1QiLCJhbGciOiJIUzI1NiJ9.eyJleHAiOjE2MDA5OTY1NTcsInVzZXJuYW1lIjoiMTExMSJ9._Ip45pzK_XyUibOaNOWlQdQglZ21LqJnR69S_2X9NAY) request: org.apache.catalina.connector.RequestFacade@4f89597 response: org.apache.catalina.connector.ResponseFacade@23cd815f','127.0.0.1','内网IP|0|0|内网IP|内网IP','2020-09-25 11:45:06'),(649548,NULL,'获取全部任务日志',10,'/system-job-log/get-all-job-log',' jobLogSearchVO: JobLogSearchVO(jobBeanName=null, jobMethodName=null, status=null, startTime=null, endTime=null)','127.0.0.1','内网IP|0|0|内网IP|内网IP','2020-09-25 11:45:30'),(653712,'1111','获取全部用户',9,'/system-user/get-all-user',' userSearchRequest: UserSearchRequest(page=1, limit=10, userName=null, userEmail=null, userPhone=null, userStatus=null, createTime=null, updateTime=null)','127.0.0.1','内网IP|0|0|内网IP|内网IP','2020-09-27 15:44:31'),(654138,NULL,'获取全部任务日志',10,'/system-job-log/get-all-job-log',' jobLogSearchVO: JobLogSearchVO(jobBeanName=null, jobMethodName=null, status=null, startTime=null, endTime=null)','127.0.0.1','内网IP|0|0|内网IP|内网IP','2020-09-25 10:50:32'),(656765,NULL,'获取全部任务日志',11,'/system-job-log/get-all-job-log',' jobLogSearchVO: JobLogSearchVO(jobBeanName=, jobMethodName=test, status=null, startTime=null, endTime=null)','127.0.0.1','内网IP|0|0|内网IP|内网IP','2020-09-25 10:46:52'),(660471,NULL,'获取用户信息',9,'/system-user/get-user-info',' userLoginRequest: UserLoginRequest(username=null, password=null, token=eyJ0eXAiOiJKV1QiLCJhbGciOiJIUzI1NiJ9.eyJleHAiOjE2MDA5OTY1NTcsInVzZXJuYW1lIjoiMTExMSJ9._Ip45pzK_XyUibOaNOWlQdQglZ21LqJnR69S_2X9NAY) request: org.apache.catalina.connector.RequestFacade@181cd0db response: org.apache.catalina.connector.ResponseFacade@5308aacb','127.0.0.1','内网IP|0|0|内网IP|内网IP','2020-09-25 10:51:49'),(661411,'1111','获取全部用户',6,'/system-user/get-all-user',' userSearchRequest: UserSearchRequest(page=1, limit=10, userName=null, userEmail=null, userPhone=null, userStatus=null, createTime=null, updateTime=null)','127.0.0.1','内网IP|0|0|内网IP|内网IP','2020-09-22 17:07:33'),(661444,'1111','获取全部任务日志',13,'/system-job-log/get-all-job-log',' jobLogSearchVO: JobLogSearchVO(jobBeanName=null, jobMethodName=null, status=null, startTime=null, endTime=null)','127.0.0.1','内网IP|0|0|内网IP|内网IP','2020-09-25 14:00:36'),(664641,NULL,'获取用户信息',9,'/system-user/get-user-info',' userLoginRequest: UserLoginRequest(username=null, password=null, token=eyJ0eXAiOiJKV1QiLCJhbGciOiJIUzI1NiJ9.eyJleHAiOjE2MDA5OTY1NTcsInVzZXJuYW1lIjoiMTExMSJ9._Ip45pzK_XyUibOaNOWlQdQglZ21LqJnR69S_2X9NAY) request: org.apache.catalina.connector.RequestFacade@181cd0db response: org.apache.catalina.connector.ResponseFacade@5308aacb','127.0.0.1','内网IP|0|0|内网IP|内网IP','2020-09-25 10:49:50'),(667360,NULL,'获取用户信息',17,'/system-user/get-user-info',' userLoginRequest: UserLoginRequest(username=null, password=null, token=eyJ0eXAiOiJKV1QiLCJhbGciOiJIUzI1NiJ9.eyJleHAiOjE2MDA5OTY1NTcsInVzZXJuYW1lIjoiMTExMSJ9._Ip45pzK_XyUibOaNOWlQdQglZ21LqJnR69S_2X9NAY) request: org.apache.catalina.connector.RequestFacade@181cd0db response: org.apache.catalina.connector.ResponseFacade@5308aacb','127.0.0.1','内网IP|0|0|内网IP|内网IP','2020-09-25 10:50:32'),(675139,NULL,'获取全部任务',5,'/system-job/get-all-job',' jobSearchVO: JobSearchVO(beanName=null, methodName=null, status=null, createTime=null, updateTime=null)','127.0.0.1','内网IP|0|0|内网IP|内网IP','2020-09-25 11:46:46'),(682292,NULL,'获取全部任务日志',21,'/system-job-log/get-all-job-log',' jobLogSearchVO: JobLogSearchVO(jobBeanName=null, jobMethodName=null, status=null, startTime=null, endTime=null)','127.0.0.1','内网IP|0|0|内网IP|内网IP','2020-09-25 10:51:13'),(683285,'1111','获取全部任务日志',8,'/system-job-log/get-all-job-log',' jobLogSearchVO: JobLogSearchVO(beanName=null, methodName=null, status=null, createTime=null, updateTime=null)','127.0.0.1','内网IP|0|0|内网IP|内网IP','2020-09-25 10:14:40'),(686315,NULL,'用户登录',15766,'/system-user/user-login',' userLoginRequest: UserLoginRequest(username=1111, password=123456, token=null) request: SecurityContextHolderAwareRequestWrapper[ org.springframework.security.web.header.HeaderWriterFilter$HeaderWriterRequest@5c1627e1] response: org.springframework.security.web.header.HeaderWriterFilter$HeaderWriterResponse@3531ea60','127.0.0.1','内网IP|0|0|内网IP|内网IP','2020-09-27 15:18:52'),(691632,NULL,'添加任务',16,'/system-job/add-job',' jobRequestDTO: JobRequestDTO(beanName=测试任务, methodName=测试名称, params=测试参数, cronExpression=0/2 * * * * ?, status=0, remark=测试备注)','127.0.0.1','内网IP|0|0|内网IP|内网IP','2020-09-25 11:51:17'),(691850,NULL,'获取全部任务',4,'/system-job/get-all-job',' jobSearchVO: JobSearchVO(beanName=null, methodName=null, status=null, createTime=null, updateTime=null)','127.0.0.1','内网IP|0|0|内网IP|内网IP','2020-09-25 11:51:17'),(692804,NULL,'获取全部任务日志',11,'/system-job-log/get-all-job-log',' jobLogSearchVO: JobLogSearchVO(beanName=null, methodName=null, status=null, createTime=null, updateTime=null)','127.0.0.1','内网IP|0|0|内网IP|内网IP','2020-09-25 10:40:54'),(692940,NULL,'获取全部日志',5,'/system-log/get-all-log',' logSearchVO: LogSearchVO(page=1, limit=10)','127.0.0.1','内网IP|0|0|内网IP|内网IP','2020-09-25 11:03:14'),(693597,'1111','获取用户信息',6,'/system-user/get-user-info',' userLoginRequest: UserLoginRequest(username=null, password=null, token=eyJ0eXAiOiJKV1QiLCJhbGciOiJIUzI1NiJ9.eyJleHAiOjE2MDA5OTY1NTcsInVzZXJuYW1lIjoiMTExMSJ9._Ip45pzK_XyUibOaNOWlQdQglZ21LqJnR69S_2X9NAY) request: org.apache.catalina.connector.RequestFacade@2f9dc477 response: org.apache.catalina.connector.ResponseFacade@357aac2c','127.0.0.1','内网IP|0|0|内网IP|内网IP','2020-09-25 09:44:19'),(695233,NULL,'获取全部任务',7,'/system-job/get-all-job',' jobSearchVO: JobSearchVO(beanName=null, methodName=null, status=null, createTime=null, updateTime=null)','127.0.0.1','内网IP|0|0|内网IP|内网IP','2020-09-25 11:18:20'),(695459,'1111','获取全部任务',8,'/system-job/get-all-job',' jobSearchVO: JobSearchVO(beanName=null, methodName=null, status=null, createTime=null, updateTime=null)','127.0.0.1','内网IP|0|0|内网IP|内网IP','2020-09-27 15:54:55'),(696528,NULL,'获取全部任务',7,'/system-job/get-all-job',' jobSearchVO: JobSearchVO(beanName=null, methodName=null, status=null, createTime=null, updateTime=null)','127.0.0.1','内网IP|0|0|内网IP|内网IP','2020-09-25 11:18:30'),(699316,NULL,'获取全部任务日志',9,'/system-job-log/get-all-job-log',' jobLogSearchVO: JobLogSearchVO(jobBeanName=null, jobMethodName=null, status=null, startTime=null, endTime=null)','127.0.0.1','内网IP|0|0|内网IP|内网IP','2020-09-25 11:45:06'),(701534,'1111','获取全部任务日志',4,'/system-job-log/get-all-job-log',' jobLogSearchVO: JobLogSearchVO(beanName=null, methodName=null, status=null, createTime=null, updateTime=null)','127.0.0.1','内网IP|0|0|内网IP|内网IP','2020-09-25 09:45:10'),(704085,'1111','获取全部任务日志',2,'/system-job-log/get-all-job-log',' jobLogSearchVO: JobLogSearchVO(beanName=null, methodName=null, status=null, createTime=null, updateTime=null)','127.0.0.1','内网IP|0|0|内网IP|内网IP','2020-09-25 09:45:17'),(706813,NULL,'获取全部日志',134,'/system-log/get-all-log',' logSearchVO: LogSearchVO(page=0, limit=0)','127.0.0.1','内网IP|0|0|内网IP|内网IP','2020-09-27 14:47:16'),(716662,NULL,'用户登录',8931,'/system-user/user-login',' userLoginRequest: UserLoginRequest(username=1111, password=123456, token=null) request: SecurityContextHolderAwareRequestWrapper[ org.springframework.security.web.header.HeaderWriterFilter$HeaderWriterRequest@47ce7441] response: org.springframework.security.web.header.HeaderWriterFilter$HeaderWriterResponse@7dd121f8','127.0.0.1','内网IP|0|0|内网IP|内网IP','2020-09-27 15:19:23'),(717846,'1111','获取用户信息',394,'/system-user/get-user-info',' userLoginRequest: UserLoginRequest(username=null, password=null, token=eyJ0eXAiOiJKV1QiLCJhbGciOiJIUzI1NiJ9.eyJleHAiOjE2MDA5OTY1NTcsInVzZXJuYW1lIjoiMTExMSJ9._Ip45pzK_XyUibOaNOWlQdQglZ21LqJnR69S_2X9NAY) request: org.apache.catalina.connector.RequestFacade@797e45ad response: org.apache.catalina.connector.ResponseFacade@6e9e5d92','127.0.0.1','内网IP|0|0|内网IP|内网IP','2020-09-25 14:09:41'),(725008,'1111','获取全部用户',13,'/system-user/get-all-user',' userSearchRequest: UserSearchRequest(page=1, limit=10, userName=null, userEmail=null, userPhone=null, userStatus=null, createTime=null, updateTime=null)','127.0.0.1','内网IP|0|0|内网IP|内网IP','2020-09-22 17:03:56'),(733244,'1111','获取全部用户',9,'/system-user/get-all-user',' userSearchRequest: UserSearchRequest(page=1, limit=10, userName=null, userEmail=null, userPhone=null, userStatus=null, createTime=null, updateTime=null)','127.0.0.1','内网IP|0|0|内网IP|内网IP','2020-09-27 15:35:37'),(735508,NULL,'获取用户信息',13,'/system-user/get-user-info',' userLoginRequest: UserLoginRequest(username=null, password=null, token=eyJ0eXAiOiJKV1QiLCJhbGciOiJIUzI1NiJ9.eyJleHAiOjE2MDA5OTY1NTcsInVzZXJuYW1lIjoiMTExMSJ9._Ip45pzK_XyUibOaNOWlQdQglZ21LqJnR69S_2X9NAY) request: org.apache.catalina.connector.RequestFacade@181cd0db response: org.apache.catalina.connector.ResponseFacade@5308aacb','127.0.0.1','内网IP|0|0|内网IP|内网IP','2020-09-25 10:48:32'),(737696,'1111','获取全部任务',10,'/system-job/get-all-job',' jobSearchVO: JobSearchVO(beanName=null, methodName=null, status=null, createTime=null, updateTime=null)','127.0.0.1','内网IP|0|0|内网IP|内网IP','2020-09-25 11:57:42'),(747220,'1111','获取全部用户',8,'/system-user/get-all-user',' userSearchRequest: UserSearchRequest(page=1, limit=10, userName=null, userEmail=null, userPhone=null, userStatus=null, createTime=null, updateTime=null)','127.0.0.1','内网IP|0|0|内网IP|内网IP','2020-09-27 15:35:30'),(751861,NULL,'用户登录',157,'/system-user/user-login',' userLoginRequest: UserLoginRequest(username=1111, password=123456, token=null) request: SecurityContextHolderAwareRequestWrapper[ org.springframework.security.web.header.HeaderWriterFilter$HeaderWriterRequest@3f554e60] response: org.springframework.security.web.header.HeaderWriterFilter$HeaderWriterResponse@41c46253','127.0.0.1','内网IP|0|0|内网IP|内网IP','2020-09-27 15:31:42'),(752902,'1111','获取用户信息',12,'/system-user/get-user-info',' userLoginRequest: UserLoginRequest(username=null, password=null, token=eyJ0eXAiOiJKV1QiLCJhbGciOiJIUzI1NiJ9.eyJleHAiOjE2MDA5OTY1NTcsInVzZXJuYW1lIjoiMTExMSJ9._Ip45pzK_XyUibOaNOWlQdQglZ21LqJnR69S_2X9NAY) request: org.apache.catalina.connector.RequestFacade@2f9dc477 response: org.apache.catalina.connector.ResponseFacade@357aac2c','127.0.0.1','内网IP|0|0|内网IP|内网IP','2020-09-25 09:44:44'),(756656,NULL,'获取用户信息',14,'/system-user/get-user-info',' userLoginRequest: UserLoginRequest(username=null, password=null, token=eyJ0eXAiOiJKV1QiLCJhbGciOiJIUzI1NiJ9.eyJleHAiOjE2MDA5OTY1NTcsInVzZXJuYW1lIjoiMTExMSJ9._Ip45pzK_XyUibOaNOWlQdQglZ21LqJnR69S_2X9NAY) request: org.apache.catalina.connector.RequestFacade@4f89597 response: org.apache.catalina.connector.ResponseFacade@23cd815f','127.0.0.1','内网IP|0|0|内网IP|内网IP','2020-09-25 11:50:38'),(761698,'1111','获取用户信息',248,'/system-user/get-user-info',' userLoginRequest: UserLoginRequest(username=null, password=null, token=eyJhbGciOiJIUzUxMiJ9.eyJzdWIiOiIxMTExIiwiZXhwIjoxNjAxMjM1MjU1LCJjcmVhdGVkIjoxNjAxMTkyMDU1MzI3LCJhdXRob3JpdGllcyI6W3siYXV0aG9yaXR5IjoiY2hhdCJ9LHsiYXV0aG9yaXR5Ijoiam9iIn0seyJhdXRob3JpdHkiOiJqb2ItbG9nIn0seyJhdXRob3JpdHkiOiJsb2cifSx7ImF1dGhvcml0eSI6Im1lbnUifSx7ImF1dGhvcml0eSI6Im1lbnU6YWRkIn0seyJhdXRob3JpdHkiOiJtZW51OmRlbGV0ZSJ9LHsiYXV0aG9yaXR5IjoibWVudTplZGl0In0seyJhdXRob3JpdHkiOiJyb2xlIn0seyJhdXRob3JpdHkiOiJyb2xlOmFkZCJ9LHsiYXV0aG9yaXR5Ijoicm9sZTpkZWxldGUifSx7ImF1dGhvcml0eSI6InJvbGU6ZWRpdCJ9LHsiYXV0aG9yaXR5Ijoicm9sZVNldHRpbmcifSx7ImF1dGhvcml0eSI6InN5c3RlbUpvYiJ9LHsiYXV0aG9yaXR5Ijoic3lzdGVtTG9nIn0seyJhdXRob3JpdHkiOiJzeXN0ZW1NYW5hZ2UifSx7ImF1dGhvcml0eSI6InVzZXIifSx7ImF1dGhvcml0eSI6InVzZXI6YWRkIn0seyJhdXRob3JpdHkiOiJ1c2VyOmRlbGV0ZSJ9LHsiYXV0aG9yaXR5IjoidXNlcjplZGl0In0seyJhdXRob3JpdHkiOiJ1c2VyOmVuYWJsZSJ9XX0.gRLyXj8apyijJrvmiSqOqNSSjAaUB5EZltyZ-J7QTBhEuroLaOvbE_3iuAUmPaHAHAXSNqjXAFJDK2SqCEkotg) request: SecurityContextHolderAwareRequestWrapper[ org.springframework.security.web.header.HeaderWriterFilter$HeaderWriterRequest@c716a6c] response: org.springframework.security.web.header.HeaderWriterFilter$HeaderWriterResponse@4f326702','127.0.0.1','内网IP|0|0|内网IP|内网IP','2020-09-27 15:34:16'),(763699,NULL,'获取全部任务日志',9,'/system-job-log/get-all-job-log',' jobLogSearchVO: JobLogSearchVO(jobBeanName=null, jobMethodName=null, status=null, startTime=null, endTime=null)','127.0.0.1','内网IP|0|0|内网IP|内网IP','2020-09-25 10:51:38'),(768312,'1111','获取全部日志',15,'/system-log/get-all-log',' logSearchVO: LogSearchVO(page=1, limit=10)','127.0.0.1','内网IP|0|0|内网IP|内网IP','2020-09-25 09:21:59'),(769461,NULL,'获取全部任务日志',8,'/system-job-log/get-all-job-log',' jobLogSearchVO: JobLogSearchVO(jobBeanName=null, jobMethodName=null, status=null, startTime=null, endTime=null)','127.0.0.1','内网IP|0|0|内网IP|内网IP','2020-09-25 10:54:33'),(769518,'1111','获取用户信息',10,'/system-user/get-user-info',' userLoginRequest: UserLoginRequest(username=null, password=null, token=eyJ0eXAiOiJKV1QiLCJhbGciOiJIUzI1NiJ9.eyJleHAiOjE2MDA5OTY1NTcsInVzZXJuYW1lIjoiMTExMSJ9._Ip45pzK_XyUibOaNOWlQdQglZ21LqJnR69S_2X9NAY) request: org.apache.catalina.connector.RequestFacade@7e69d3d1 response: org.apache.catalina.connector.ResponseFacade@104eb95','127.0.0.1','内网IP|0|0|内网IP|内网IP','2020-09-25 09:20:19'),(774066,'1111','获取全部用户',6,'/system-user/get-all-user',' userSearchRequest: UserSearchRequest(page=1, limit=10, userName=null, userEmail=null, userPhone=null, userStatus=null, createTime=null, updateTime=null)','127.0.0.1','内网IP|0|0|内网IP|内网IP','2020-09-27 15:44:42'),(775097,NULL,'获取全部任务日志',6,'/system-job-log/get-all-job-log',' jobLogSearchVO: JobLogSearchVO(jobBeanName=null, jobMethodName=null, status=null, startTime=null, endTime=null)','127.0.0.1','内网IP|0|0|内网IP|内网IP','2020-09-25 10:50:54'),(776535,NULL,'获取全部任务',7,'/system-job/get-all-job',' jobSearchVO: JobSearchVO(beanName=null, methodName=null, status=null, createTime=null, updateTime=null)','127.0.0.1','内网IP|0|0|内网IP|内网IP','2020-09-25 11:50:43'),(777141,NULL,'获取用户信息',35907,'/system-user/get-user-info',' userLoginRequest: UserLoginRequest(username=null, password=null, token=eyJhbGciOiJIUzUxMiJ9.eyJzdWIiOnsicGFzc3dvcmQiOm51bGwsInVzZXJuYW1lIjoiMTExMSIsImF1dGhvcml0aWVzIjpbeyJhdXRob3JpdHkiOiJjaGF0In0seyJhdXRob3JpdHkiOiJqb2IifSx7ImF1dGhvcml0eSI6ImpvYi1sb2cifSx7ImF1dGhvcml0eSI6ImxvZyJ9LHsiYXV0aG9yaXR5IjoibWVudSJ9LHsiYXV0aG9yaXR5IjoibWVudTphZGQifSx7ImF1dGhvcml0eSI6Im1lbnU6ZGVsZXRlIn0seyJhdXRob3JpdHkiOiJtZW51OmVkaXQifSx7ImF1dGhvcml0eSI6InJvbGUifSx7ImF1dGhvcml0eSI6InJvbGU6YWRkIn0seyJhdXRob3JpdHkiOiJyb2xlOmRlbGV0ZSJ9LHsiYXV0aG9yaXR5Ijoicm9sZTplZGl0In0seyJhdXRob3JpdHkiOiJyb2xlU2V0dGluZyJ9LHsiYXV0aG9yaXR5Ijoic3lzdGVtSm9iIn0seyJhdXRob3JpdHkiOiJzeXN0ZW1Mb2cifSx7ImF1dGhvcml0eSI6InN5c3RlbU1hbmFnZSJ9LHsiYXV0aG9yaXR5IjoidXNlciJ9LHsiYXV0aG9yaXR5IjoidXNlcjphZGQifSx7ImF1dGhvcml0eSI6InVzZXI6ZGVsZXRlIn0seyJhdXRob3JpdHkiOiJ1c2VyOmVkaXQifSx7ImF1dGhvcml0eSI6InVzZXI6ZW5hYmxlIn1dLCJhY2NvdW50Tm9uRXhwaXJlZCI6dHJ1ZSwiYWNjb3VudE5vbkxvY2tlZCI6dHJ1ZSwiY3JlZGVudGlhbHNOb25FeHBpcmVkIjp0cnVlLCJlbmFibGVkIjp0cnVlfSwiZXhwIjoxNjAxMjM0NDY4LCJjcmVhdGVkIjoxNjAxMTkxMjY4NzM1LCJhdXRob3JpdGllcyI6W3siYXV0aG9yaXR5IjoiY2hhdCJ9LHsiYXV0aG9yaXR5Ijoiam9iIn0seyJhdXRob3JpdHkiOiJqb2ItbG9nIn0seyJhdXRob3JpdHkiOiJsb2cifSx7ImF1dGhvcml0eSI6Im1lbnUifSx7ImF1dGhvcml0eSI6Im1lbnU6YWRkIn0seyJhdXRob3JpdHkiOiJtZW51OmRlbGV0ZSJ9LHsiYXV0aG9yaXR5IjoibWVudTplZGl0In0seyJhdXRob3JpdHkiOiJyb2xlIn0seyJhdXRob3JpdHkiOiJyb2xlOmFkZCJ9LHsiYXV0aG9yaXR5Ijoicm9sZTpkZWxldGUifSx7ImF1dGhvcml0eSI6InJvbGU6ZWRpdCJ9LHsiYXV0aG9yaXR5Ijoicm9sZVNldHRpbmcifSx7ImF1dGhvcml0eSI6InN5c3RlbUpvYiJ9LHsiYXV0aG9yaXR5Ijoic3lzdGVtTG9nIn0seyJhdXRob3JpdHkiOiJzeXN0ZW1NYW5hZ2UifSx7ImF1dGhvcml0eSI6InVzZXIifSx7ImF1dGhvcml0eSI6InVzZXI6YWRkIn0seyJhdXRob3JpdHkiOiJ1c2VyOmRlbGV0ZSJ9LHsiYXV0aG9yaXR5IjoidXNlcjplZGl0In0seyJhdXRob3JpdHkiOiJ1c2VyOmVuYWJsZSJ9XX0.0Xb7fgi17XnZoDWSzYTBbK7KrT33nA6a-mmGoa95bUxN8dgeYb6v4x2nmhtZi4LHX0JyUUz1A8GJAYaoDEwq2A) request: SecurityContextHolderAwareRequestWrapper[ org.springframework.security.web.header.HeaderWriterFilter$HeaderWriterRequest@5865fab4] response: org.springframework.security.web.header.HeaderWriterFilter$HeaderWriterResponse@305b9f57','127.0.0.1','内网IP|0|0|内网IP|内网IP','2020-09-27 15:21:46'),(784296,NULL,'获取全部任务日志',4,'/system-job-log/get-all-job-log',' jobLogSearchVO: JobLogSearchVO(jobBeanName=null, jobMethodName=null, status=1, startTime=null, endTime=null)','127.0.0.1','内网IP|0|0|内网IP|内网IP','2020-09-25 10:49:57'),(786939,NULL,'启用或停用任务',16,'/system-job/update-job-status',' jobId: \"889819\" status: \"0\"','127.0.0.1','内网IP|0|0|内网IP|内网IP','2020-09-25 11:46:26'),(787762,'1111','获取全部日志',17,'/system-log/get-all-log',' logSearchVO: LogSearchVO(page=1, limit=10)','127.0.0.1','内网IP|0|0|内网IP|内网IP','2020-09-25 14:12:09'),(790391,'1111','获取全部任务日志',12,'/system-job-log/get-all-job-log',' jobLogSearchVO: JobLogSearchVO(jobBeanName=null, jobMethodName=null, status=null, startTime=null, endTime=null)','127.0.0.1','内网IP|0|0|内网IP|内网IP','2020-09-25 14:11:02'),(793638,NULL,'获取全部任务日志',8,'/system-job-log/get-all-job-log',' jobLogSearchVO: JobLogSearchVO(jobBeanName=null, jobMethodName=null, status=1, startTime=null, endTime=null)','127.0.0.1','内网IP|0|0|内网IP|内网IP','2020-09-25 10:48:39'),(802596,'1111','获取全部任务日志',24,'/system-job-log/get-all-job-log',' jobLogSearchVO: JobLogSearchVO(jobBeanName=null, jobMethodName=null, status=null, startTime=null, endTime=null)','127.0.0.1','内网IP|0|0|内网IP|内网IP','2020-09-25 14:16:12'),(804023,NULL,'获取全部任务日志',4,'/system-job-log/get-all-job-log',' jobLogSearchVO: JobLogSearchVO(jobBeanName=null, jobMethodName=null, status=null, startTime=null, endTime=null)','127.0.0.1','内网IP|0|0|内网IP|内网IP','2020-09-25 10:47:45'),(809540,'1111','启用或停用任务',6,'/system-job/update-job-status',' jobId: \"500905\" status: \"1\"','127.0.0.1','内网IP|0|0|内网IP|内网IP','2020-09-25 09:45:34'),(817274,'1111','获取全部任务日志',7,'/system-job-log/get-all-job-log',' jobLogSearchVO: JobLogSearchVO(jobBeanName=null, jobMethodName=null, status=null, startTime=null, endTime=null)','127.0.0.1','内网IP|0|0|内网IP|内网IP','2020-09-25 14:12:15'),(818727,NULL,'获取全部日志',95,'/system-log/get-all-log',' logSearchVO: LogSearchVO(page=0, limit=0)','127.0.0.1','内网IP|0|0|内网IP|内网IP','2020-09-23 15:22:46'),(819549,NULL,'用户登录',52,'/system-user/user-login',' userLoginRequest: UserLoginRequest(username=admin, password=123456, token=null) request: org.apache.catalina.connector.RequestFacade@400c89ca response: org.apache.catalina.connector.ResponseFacade@69f9b770','127.0.0.1','内网IP|0|0|内网IP|内网IP','2020-09-23 16:46:07'),(823855,'1111','获取全部任务日志',6,'/system-job-log/get-all-job-log',' jobLogSearchVO: JobLogSearchVO(jobBeanName=null, jobMethodName=null, status=null, startTime=null, endTime=null)','127.0.0.1','内网IP|0|0|内网IP|内网IP','2020-09-27 15:54:57'),(823898,NULL,'获取全部任务日志',5,'/system-job-log/get-all-job-log',' jobLogSearchVO: JobLogSearchVO(jobBeanName=null, jobMethodName=null, status=null, startTime=null, endTime=null)','127.0.0.1','内网IP|0|0|内网IP|内网IP','2020-09-25 10:47:02'),(825099,NULL,'删除任务',22,'/system-job/delete-job',' jobId: \"889819\"','127.0.0.1','内网IP|0|0|内网IP|内网IP','2020-09-25 11:50:43'),(827200,NULL,'获取用户信息',6,'/system-user/get-user-info',' userLoginRequest: UserLoginRequest(username=null, password=null, token=eyJ0eXAiOiJKV1QiLCJhbGciOiJIUzI1NiJ9.eyJleHAiOjE2MDA5OTY1NTcsInVzZXJuYW1lIjoiMTExMSJ9._Ip45pzK_XyUibOaNOWlQdQglZ21LqJnR69S_2X9NAY) request: org.apache.catalina.connector.RequestFacade@4f89597 response: org.apache.catalina.connector.ResponseFacade@23cd815f','127.0.0.1','内网IP|0|0|内网IP|内网IP','2020-09-25 11:45:30'),(827801,'1111','获取全部任务日志',3,'/system-job-log/get-all-job-log',' jobLogSearchVO: JobLogSearchVO(beanName=null, methodName=null, status=null, createTime=null, updateTime=null)','127.0.0.1','内网IP|0|0|内网IP|内网IP','2020-09-25 09:44:19'),(828430,'1111','启用或停用任务',22,'/system-job/update-job-status',' jobId: \"500905\" status: \"1\"','127.0.0.1','内网IP|0|0|内网IP|内网IP','2020-09-25 14:22:41'),(835517,NULL,'启用或停用任务',18,'/system-job/update-job-status',' jobId: \"889819\" status: \"1\"','127.0.0.1','内网IP|0|0|内网IP|内网IP','2020-09-25 11:47:04'),(840158,NULL,'获取用户信息',9,'/system-user/get-user-info',' userLoginRequest: UserLoginRequest(username=null, password=null, token=eyJ0eXAiOiJKV1QiLCJhbGciOiJIUzI1NiJ9.eyJleHAiOjE2MDA5OTY1NTcsInVzZXJuYW1lIjoiMTExMSJ9._Ip45pzK_XyUibOaNOWlQdQglZ21LqJnR69S_2X9NAY) request: org.apache.catalina.connector.RequestFacade@181cd0db response: org.apache.catalina.connector.ResponseFacade@5308aacb','127.0.0.1','内网IP|0|0|内网IP|内网IP','2020-09-25 10:51:13'),(845385,NULL,'获取用户信息',7,'/system-user/get-user-info',' userLoginRequest: UserLoginRequest(username=null, password=null, token=eyJ0eXAiOiJKV1QiLCJhbGciOiJIUzI1NiJ9.eyJleHAiOjE2MDA5OTY1NTcsInVzZXJuYW1lIjoiMTExMSJ9._Ip45pzK_XyUibOaNOWlQdQglZ21LqJnR69S_2X9NAY) request: org.apache.catalina.connector.RequestFacade@181cd0db response: org.apache.catalina.connector.ResponseFacade@5308aacb','127.0.0.1','内网IP|0|0|内网IP|内网IP','2020-09-25 10:51:38'),(848050,'1111','获取用户信息',9,'/system-user/get-user-info',' userLoginRequest: UserLoginRequest(username=null, password=null, token=eyJ0eXAiOiJKV1QiLCJhbGciOiJIUzI1NiJ9.eyJleHAiOjE2MDA5OTY1NTcsInVzZXJuYW1lIjoiMTExMSJ9._Ip45pzK_XyUibOaNOWlQdQglZ21LqJnR69S_2X9NAY) request: org.apache.catalina.connector.RequestFacade@181cd0db response: org.apache.catalina.connector.ResponseFacade@5308aacb','127.0.0.1','内网IP|0|0|内网IP|内网IP','2020-09-25 10:15:17'),(848347,NULL,'获取全部任务',8,'/system-job/get-all-job',' jobSearchVO: JobSearchVO(beanName=null, methodName=null, status=null, createTime=null, updateTime=null)','127.0.0.1','内网IP|0|0|内网IP|内网IP','2020-09-25 11:20:50'),(850831,NULL,'启用或停用任务',17,'/system-job/update-job-status',' jobId: \"500905\" status: \"0\"','127.0.0.1','内网IP|0|0|内网IP|内网IP','2020-09-25 10:51:43'),(852846,NULL,'获取全部任务日志',5,'/system-job-log/get-all-job-log',' jobLogSearchVO: JobLogSearchVO(jobBeanName=null, jobMethodName=null, status=0, startTime=null, endTime=null)','127.0.0.1','内网IP|0|0|内网IP|内网IP','2020-09-25 10:48:42'),(859100,NULL,'获取全部任务',4,'/system-job/get-all-job',' jobSearchVO: JobSearchVO(beanName=null, methodName=null, status=null, createTime=null, updateTime=null)','127.0.0.1','内网IP|0|0|内网IP|内网IP','2020-09-25 11:44:15'),(859169,'1111','启用或停用任务',44,'/system-job/update-job-status',' jobId: \"500905\" status: \"1\"','127.0.0.1','内网IP|0|0|内网IP|内网IP','2020-09-25 14:24:01'),(859867,NULL,'获取全部任务',3,'/system-job/get-all-job',' jobSearchVO: JobSearchVO(beanName=null, methodName=null, status=null, createTime=null, updateTime=null)','127.0.0.1','内网IP|0|0|内网IP|内网IP','2020-09-25 10:47:05'),(860898,NULL,'启用或停用任务',36,'/system-job/update-job-status',' jobId: \"500905\" status: \"1\"','127.0.0.1','内网IP|0|0|内网IP|内网IP','2020-09-25 10:50:36'),(866155,'1111','获取全部日志',14,'/system-log/get-all-log',' logSearchVO: LogSearchVO(page=1, limit=10)','127.0.0.1','内网IP|0|0|内网IP|内网IP','2020-09-27 15:54:35'),(867993,NULL,'获取用户信息',9,'/system-user/get-user-info',' userLoginRequest: UserLoginRequest(username=null, password=null, token=eyJ0eXAiOiJKV1QiLCJhbGciOiJIUzI1NiJ9.eyJleHAiOjE2MDA5OTY1NTcsInVzZXJuYW1lIjoiMTExMSJ9._Ip45pzK_XyUibOaNOWlQdQglZ21LqJnR69S_2X9NAY) request: org.apache.catalina.connector.RequestFacade@181cd0db response: org.apache.catalina.connector.ResponseFacade@5308aacb','127.0.0.1','内网IP|0|0|内网IP|内网IP','2020-09-25 10:51:32'),(868254,NULL,'用户登录',32,'/system-user/user-login',' userLoginRequest: UserLoginRequest(username=1111, password=123456, token=null) request: org.apache.catalina.connector.RequestFacade@2f9dc477 response: org.apache.catalina.connector.ResponseFacade@357aac2c','127.0.0.1','内网IP|0|0|内网IP|内网IP','2020-09-25 09:13:17'),(868736,'1111','启用或停用任务',30,'/system-job/update-job-status',' jobId: \"747322\" status: \"1\"','127.0.0.1','内网IP|0|0|内网IP|内网IP','2020-09-25 14:22:18'),(874076,NULL,'获取用户信息',5,'/system-user/get-user-info',' userLoginRequest: UserLoginRequest(username=null, password=null, token=eyJ0eXAiOiJKV1QiLCJhbGciOiJIUzI1NiJ9.eyJleHAiOjE2MDA5OTY1NTcsInVzZXJuYW1lIjoiMTExMSJ9._Ip45pzK_XyUibOaNOWlQdQglZ21LqJnR69S_2X9NAY) request: org.apache.catalina.connector.RequestFacade@181cd0db response: org.apache.catalina.connector.ResponseFacade@5308aacb','127.0.0.1','内网IP|0|0|内网IP|内网IP','2020-09-25 10:50:53'),(879112,NULL,'获取全部任务日志',7,'/system-job-log/get-all-job-log',' jobLogSearchVO: JobLogSearchVO(jobBeanName=null, jobMethodName=null, status=null, startTime=null, endTime=null)','127.0.0.1','内网IP|0|0|内网IP|内网IP','2020-09-25 11:44:29'),(881600,NULL,'添加任务',15,'/system-job/add-job',' jobRequestDTO: JobRequestDTO(beanName=测试, methodName=测试, params=测试, cronExpression=111, status=1, remark=测试)','127.0.0.1','内网IP|0|0|内网IP|内网IP','2020-09-25 11:36:54'),(883559,'1111','获取全部任务',5,'/system-job/get-all-job',' jobSearchVO: JobSearchVO(beanName=null, methodName=null, status=null, createTime=null, updateTime=null)','127.0.0.1','内网IP|0|0|内网IP|内网IP','2020-09-25 14:19:58'),(887994,NULL,'获取用户信息',18845,'/system-user/get-user-info',' userLoginRequest: UserLoginRequest(username=null, password=null, token=eyJhbGciOiJIUzUxMiJ9.eyJzdWIiOnsicGFzc3dvcmQiOm51bGwsInVzZXJuYW1lIjoiMTExMSIsImF1dGhvcml0aWVzIjpbeyJhdXRob3JpdHkiOiJjaGF0In0seyJhdXRob3JpdHkiOiJqb2IifSx7ImF1dGhvcml0eSI6ImpvYi1sb2cifSx7ImF1dGhvcml0eSI6ImxvZyJ9LHsiYXV0aG9yaXR5IjoibWVudSJ9LHsiYXV0aG9yaXR5IjoibWVudTphZGQifSx7ImF1dGhvcml0eSI6Im1lbnU6ZGVsZXRlIn0seyJhdXRob3JpdHkiOiJtZW51OmVkaXQifSx7ImF1dGhvcml0eSI6InJvbGUifSx7ImF1dGhvcml0eSI6InJvbGU6YWRkIn0seyJhdXRob3JpdHkiOiJyb2xlOmRlbGV0ZSJ9LHsiYXV0aG9yaXR5Ijoicm9sZTplZGl0In0seyJhdXRob3JpdHkiOiJyb2xlU2V0dGluZyJ9LHsiYXV0aG9yaXR5Ijoic3lzdGVtSm9iIn0seyJhdXRob3JpdHkiOiJzeXN0ZW1Mb2cifSx7ImF1dGhvcml0eSI6InN5c3RlbU1hbmFnZSJ9LHsiYXV0aG9yaXR5IjoidXNlciJ9LHsiYXV0aG9yaXR5IjoidXNlcjphZGQifSx7ImF1dGhvcml0eSI6InVzZXI6ZGVsZXRlIn0seyJhdXRob3JpdHkiOiJ1c2VyOmVkaXQifSx7ImF1dGhvcml0eSI6InVzZXI6ZW5hYmxlIn1dLCJhY2NvdW50Tm9uRXhwaXJlZCI6dHJ1ZSwiYWNjb3VudE5vbkxvY2tlZCI6dHJ1ZSwiY3JlZGVudGlhbHNOb25FeHBpcmVkIjp0cnVlLCJlbmFibGVkIjp0cnVlfSwiZXhwIjoxNjAxMjM0MzU0LCJjcmVhdGVkIjoxNjAxMTkxMTU0NDM4LCJhdXRob3JpdGllcyI6W3siYXV0aG9yaXR5IjoiY2hhdCJ9LHsiYXV0aG9yaXR5Ijoiam9iIn0seyJhdXRob3JpdHkiOiJqb2ItbG9nIn0seyJhdXRob3JpdHkiOiJsb2cifSx7ImF1dGhvcml0eSI6Im1lbnUifSx7ImF1dGhvcml0eSI6Im1lbnU6YWRkIn0seyJhdXRob3JpdHkiOiJtZW51OmRlbGV0ZSJ9LHsiYXV0aG9yaXR5IjoibWVudTplZGl0In0seyJhdXRob3JpdHkiOiJyb2xlIn0seyJhdXRob3JpdHkiOiJyb2xlOmFkZCJ9LHsiYXV0aG9yaXR5Ijoicm9sZTpkZWxldGUifSx7ImF1dGhvcml0eSI6InJvbGU6ZWRpdCJ9LHsiYXV0aG9yaXR5Ijoicm9sZVNldHRpbmcifSx7ImF1dGhvcml0eSI6InN5c3RlbUpvYiJ9LHsiYXV0aG9yaXR5Ijoic3lzdGVtTG9nIn0seyJhdXRob3JpdHkiOiJzeXN0ZW1NYW5hZ2UifSx7ImF1dGhvcml0eSI6InVzZXIifSx7ImF1dGhvcml0eSI6InVzZXI6YWRkIn0seyJhdXRob3JpdHkiOiJ1c2VyOmRlbGV0ZSJ9LHsiYXV0aG9yaXR5IjoidXNlcjplZGl0In0seyJhdXRob3JpdHkiOiJ1c2VyOmVuYWJsZSJ9XX0.PKQjZE9Xf9LJJ24iPqjiv2kkT60R55Uq-O0pUve6I9tYXqpNZ3092leqB9LklDC1v55OWA0iSwDYqdcu9Wwt4w) request: SecurityContextHolderAwareRequestWrapper[ org.springframework.security.web.header.HeaderWriterFilter$HeaderWriterRequest@22341f7b] response: org.springframework.security.web.header.HeaderWriterFilter$HeaderWriterResponse@3315c905','127.0.0.1','内网IP|0|0|内网IP|内网IP','2020-09-27 15:19:42'),(888849,NULL,'获取全部任务日志',21,'/system-job-log/get-all-job-log',' jobLogSearchVO: JobLogSearchVO(jobBeanName=Ta, jobMethodName=null, status=null, startTime=null, endTime=Fri Sep 25 10:46:24 CST 2020)','127.0.0.1','内网IP|0|0|内网IP|内网IP','2020-09-25 10:46:38'),(891210,'1111','启用或停用任务',22,'/system-job/update-job-status',' jobId: \"747322\" status: \"0\"','127.0.0.1','内网IP|0|0|内网IP|内网IP','2020-09-25 11:57:46'),(895329,'1111','获取全部任务日志',22,'/system-job-log/get-all-job-log',' jobLogSearchVO: JobLogSearchVO(jobBeanName=null, jobMethodName=null, status=null, startTime=null, endTime=null)','127.0.0.1','内网IP|0|0|内网IP|内网IP','2020-09-25 11:56:37'),(899331,NULL,'获取全部任务',4,'/system-job/get-all-job',' jobSearchVO: JobSearchVO(beanName=null, methodName=null, status=null, createTime=null, updateTime=null)','127.0.0.1','内网IP|0|0|内网IP|内网IP','2020-09-25 10:51:42'),(902758,'1111','获取全部任务',7,'/system-job/get-all-job',' jobSearchVO: JobSearchVO(beanName=null, methodName=null, status=null, createTime=null, updateTime=null)','127.0.0.1','内网IP|0|0|内网IP|内网IP','2020-09-27 15:54:56'),(902865,NULL,'用户登录',649,'/system-user/user-login',' userLoginRequest: UserLoginRequest(username=1111, password=123456, token=null) request: SecurityContextHolderAwareRequestWrapper[ org.springframework.security.web.header.HeaderWriterFilter$HeaderWriterRequest@52e1ae17] response: org.springframework.security.web.header.HeaderWriterFilter$HeaderWriterResponse@7dc6d65d','127.0.0.1','内网IP|0|0|内网IP|内网IP','2020-09-27 15:30:50'),(904012,'1111','获取全部任务日志',33,'/system-job-log/get-all-job-log',' jobLogSearchVO: JobLogSearchVO(beanName=null, methodName=null, status=null, createTime=null, updateTime=null)','127.0.0.1','内网IP|0|0|内网IP|内网IP','2020-09-25 09:42:36'),(904113,NULL,'获取全部用户',7,'/system-user/get-all-user',' userSearchRequest: UserSearchRequest(page=1, limit=10, userName=null, userEmail=null, userPhone=null, userStatus=null, createTime=null, updateTime=null)','127.0.0.1','内网IP|0|0|内网IP|内网IP','2020-09-25 10:19:09'),(904134,'1111','获取用户信息',7,'/system-user/get-user-info',' userLoginRequest: UserLoginRequest(username=null, password=null, token=eyJ0eXAiOiJKV1QiLCJhbGciOiJIUzI1NiJ9.eyJleHAiOjE2MDA5OTY1NTcsInVzZXJuYW1lIjoiMTExMSJ9._Ip45pzK_XyUibOaNOWlQdQglZ21LqJnR69S_2X9NAY) request: org.apache.catalina.connector.RequestFacade@2f9dc477 response: org.apache.catalina.connector.ResponseFacade@357aac2c','127.0.0.1','内网IP|0|0|内网IP|内网IP','2020-09-25 09:45:13'),(909297,'1111','获取全部任务日志',22,'/system-job-log/get-all-job-log',' jobLogSearchVO: JobLogSearchVO(jobBeanName=null, jobMethodName=null, status=null, startTime=null, endTime=null)','127.0.0.1','内网IP|0|0|内网IP|内网IP','2020-09-25 14:10:43'),(913737,NULL,'获取全部任务',7,'/system-job/get-all-job',' jobSearchVO: JobSearchVO(beanName=null, methodName=null, status=null, createTime=null, updateTime=null)','127.0.0.1','内网IP|0|0|内网IP|内网IP','2020-09-25 11:21:32'),(915774,'1111','获取用户信息',167,'/system-user/get-user-info',' userLoginRequest: UserLoginRequest(username=null, password=null, token=eyJ0eXAiOiJKV1QiLCJhbGciOiJIUzI1NiJ9.eyJleHAiOjE2MDA4NTA5NjgsInVzZXJuYW1lIjoiMTExMSJ9.OT8K50PILHa-YYiTiToXe7dYH2iuzLUE-4XuzlwlPBE) request: org.apache.catalina.connector.RequestFacade@400c89ca response: org.apache.catalina.connector.ResponseFacade@69f9b770','127.0.0.1','内网IP|0|0|内网IP|内网IP','2020-09-23 16:49:25'),(919381,NULL,'获取用户信息',48,'/system-user/get-user-info',' userLoginRequest: UserLoginRequest(username=null, password=null, token=eyJ0eXAiOiJKV1QiLCJhbGciOiJIUzI1NiJ9.eyJleHAiOjE2MDA5OTY1NTcsInVzZXJuYW1lIjoiMTExMSJ9._Ip45pzK_XyUibOaNOWlQdQglZ21LqJnR69S_2X9NAY) request: org.apache.catalina.connector.RequestFacade@3d360b75 response: org.apache.catalina.connector.ResponseFacade@60ff83a4','127.0.0.1','内网IP|0|0|内网IP|内网IP','2020-09-25 11:54:29'),(924560,'1111','获取全部任务',4,'/system-job/get-all-job',' jobSearchVO: JobSearchVO(beanName=null, methodName=null, status=null, createTime=null, updateTime=null)','127.0.0.1','内网IP|0|0|内网IP|内网IP','2020-09-25 09:20:19'),(929278,'1111','获取全部任务',5,'/system-job/get-all-job',' jobSearchVO: JobSearchVO(beanName=null, methodName=null, status=null, createTime=null, updateTime=null)','127.0.0.1','内网IP|0|0|内网IP|内网IP','2020-09-25 09:19:23'),(933559,NULL,'启用或停用任务',17,'/system-job/update-job-status',' jobId: \"500905\" status: \"1\"','127.0.0.1','内网IP|0|0|内网IP|内网IP','2020-09-25 11:46:03'),(933786,'1111','获取用户信息',21,'/system-user/get-user-info',' userLoginRequest: UserLoginRequest(username=null, password=null, token=eyJ0eXAiOiJKV1QiLCJhbGciOiJIUzI1NiJ9.eyJleHAiOjE2MDA5OTY1NTcsInVzZXJuYW1lIjoiMTExMSJ9._Ip45pzK_XyUibOaNOWlQdQglZ21LqJnR69S_2X9NAY) request: org.apache.catalina.connector.RequestFacade@181cd0db response: org.apache.catalina.connector.ResponseFacade@5308aacb','127.0.0.1','内网IP|0|0|内网IP|内网IP','2020-09-25 10:14:28'),(933974,NULL,'获取全部任务日志',5,'/system-job-log/get-all-job-log',' jobLogSearchVO: JobLogSearchVO(jobBeanName=null, jobMethodName=null, status=null, startTime=null, endTime=null)','127.0.0.1','内网IP|0|0|内网IP|内网IP','2020-09-25 10:55:07'),(937871,'1111','获取用户信息',47,'/system-user/get-user-info',' userLoginRequest: UserLoginRequest(username=null, password=null, token=eyJ0eXAiOiJKV1QiLCJhbGciOiJIUzI1NiJ9.eyJleHAiOjE2MDA5OTY1NTcsInVzZXJuYW1lIjoiMTExMSJ9._Ip45pzK_XyUibOaNOWlQdQglZ21LqJnR69S_2X9NAY) request: org.apache.catalina.connector.RequestFacade@7e69d3d1 response: org.apache.catalina.connector.ResponseFacade@104eb95','127.0.0.1','内网IP|0|0|内网IP|内网IP','2020-09-25 09:19:23'),(938861,NULL,'获取全部任务日志',5,'/system-job-log/get-all-job-log',' jobLogSearchVO: JobLogSearchVO(jobBeanName=null, jobMethodName=null, status=null, startTime=null, endTime=null)','127.0.0.1','内网IP|0|0|内网IP|内网IP','2020-09-25 10:49:51'),(940131,'1111','获取全部任务日志',6,'/system-job-log/get-all-job-log',' jobLogSearchVO: JobLogSearchVO(beanName=null, methodName=null, status=null, createTime=null, updateTime=null)','127.0.0.1','内网IP|0|0|内网IP|内网IP','2020-09-25 10:14:29'),(944400,NULL,'获取全部任务',7,'/system-job/get-all-job',' jobSearchVO: JobSearchVO(beanName=null, methodName=null, status=null, createTime=null, updateTime=null)','127.0.0.1','内网IP|0|0|内网IP|内网IP','2020-09-25 10:19:07'),(944857,'1111','获取全部任务日志',6,'/system-job-log/get-all-job-log',' jobLogSearchVO: JobLogSearchVO(jobBeanName=null, jobMethodName=null, status=null, startTime=null, endTime=null)','127.0.0.1','内网IP|0|0|内网IP|内网IP','2020-09-25 14:07:22'),(947259,'1111','启用或停用任务',22,'/system-job/update-job-status',' jobId: \"747322\" status: \"0\"','127.0.0.1','内网IP|0|0|内网IP|内网IP','2020-09-25 14:24:38'),(947814,'1111','获取全部任务日志',7,'/system-job-log/get-all-job-log',' jobLogSearchVO: JobLogSearchVO(beanName=null, methodName=null, status=null, createTime=null, updateTime=null)','127.0.0.1','内网IP|0|0|内网IP|内网IP','2020-09-25 10:15:22'),(950263,NULL,'用户登录',10322,'/system-user/user-login',' userLoginRequest: UserLoginRequest(username=1111, password=123456, token=null) request: SecurityContextHolderAwareRequestWrapper[ org.springframework.security.web.header.HeaderWriterFilter$HeaderWriterRequest@298d5743] response: org.springframework.security.web.header.HeaderWriterFilter$HeaderWriterResponse@3f2f8e54','127.0.0.1','内网IP|0|0|内网IP|内网IP','2020-09-27 15:23:10'),(959063,'1111','启用或停用任务',8,'/system-job/update-job-status',' jobId: \"500905\" status: \"0\"','127.0.0.1','内网IP|0|0|内网IP|内网IP','2020-09-25 09:45:30'),(959643,'1111','获取全部用户',7,'/system-user/get-all-user',' userSearchRequest: UserSearchRequest(page=1, limit=10, userName=null, userEmail=null, userPhone=null, userStatus=null, createTime=null, updateTime=null)','127.0.0.1','内网IP|0|0|内网IP|内网IP','2020-09-23 16:55:43'),(961251,'1111','获取全部任务日志',8,'/system-job-log/get-all-job-log',' jobLogSearchVO: JobLogSearchVO(beanName=null, methodName=null, status=null, createTime=null, updateTime=null)','127.0.0.1','内网IP|0|0|内网IP|内网IP','2020-09-25 10:15:25'),(961484,'1111','获取全部任务日志',4,'/system-job-log/get-all-job-log',' jobLogSearchVO: JobLogSearchVO(beanName=null, methodName=null, status=null, createTime=null, updateTime=null)','127.0.0.1','内网IP|0|0|内网IP|内网IP','2020-09-25 10:14:45'),(963274,'1111','获取全部任务日志',3,'/system-job-log/get-all-job-log',' jobLogSearchVO: JobLogSearchVO(beanName=null, methodName=null, status=null, createTime=null, updateTime=null)','127.0.0.1','内网IP|0|0|内网IP|内网IP','2020-09-25 10:15:36'),(972441,'1111','获取用户信息',29,'/system-user/get-user-info',' userLoginRequest: UserLoginRequest(username=null, password=null, token=eyJhbGciOiJIUzUxMiJ9.eyJzdWIiOiIxMTExIiwiZXhwIjoxNjAxMjM1MjU1LCJjcmVhdGVkIjoxNjAxMTkyMDU1MzI3LCJhdXRob3JpdGllcyI6W3siYXV0aG9yaXR5IjoiY2hhdCJ9LHsiYXV0aG9yaXR5Ijoiam9iIn0seyJhdXRob3JpdHkiOiJqb2ItbG9nIn0seyJhdXRob3JpdHkiOiJsb2cifSx7ImF1dGhvcml0eSI6Im1lbnUifSx7ImF1dGhvcml0eSI6Im1lbnU6YWRkIn0seyJhdXRob3JpdHkiOiJtZW51OmRlbGV0ZSJ9LHsiYXV0aG9yaXR5IjoibWVudTplZGl0In0seyJhdXRob3JpdHkiOiJyb2xlIn0seyJhdXRob3JpdHkiOiJyb2xlOmFkZCJ9LHsiYXV0aG9yaXR5Ijoicm9sZTpkZWxldGUifSx7ImF1dGhvcml0eSI6InJvbGU6ZWRpdCJ9LHsiYXV0aG9yaXR5Ijoicm9sZVNldHRpbmcifSx7ImF1dGhvcml0eSI6InN5c3RlbUpvYiJ9LHsiYXV0aG9yaXR5Ijoic3lzdGVtTG9nIn0seyJhdXRob3JpdHkiOiJzeXN0ZW1NYW5hZ2UifSx7ImF1dGhvcml0eSI6InVzZXIifSx7ImF1dGhvcml0eSI6InVzZXI6YWRkIn0seyJhdXRob3JpdHkiOiJ1c2VyOmRlbGV0ZSJ9LHsiYXV0aG9yaXR5IjoidXNlcjplZGl0In0seyJhdXRob3JpdHkiOiJ1c2VyOmVuYWJsZSJ9XX0.gRLyXj8apyijJrvmiSqOqNSSjAaUB5EZltyZ-J7QTBhEuroLaOvbE_3iuAUmPaHAHAXSNqjXAFJDK2SqCEkotg) request: SecurityContextHolderAwareRequestWrapper[ org.springframework.security.web.header.HeaderWriterFilter$HeaderWriterRequest@3ad1138e] response: org.springframework.security.web.header.HeaderWriterFilter$HeaderWriterResponse@45560f0a','127.0.0.1','内网IP|0|0|内网IP|内网IP','2020-09-27 15:54:34'),(975595,NULL,'获取用户信息',192,'/system-user/get-user-info',' userLoginRequest: UserLoginRequest(username=null, password=null, token=eyJhbGciOiJIUzUxMiJ9.eyJBVVRIT1JJVElFUyI6W3siYXV0aG9yaXR5IjoiY2hhdCJ9LHsiYXV0aG9yaXR5Ijoiam9iIn0seyJhdXRob3JpdHkiOiJqb2ItbG9nIn0seyJhdXRob3JpdHkiOiJsb2cifSx7ImF1dGhvcml0eSI6Im1lbnUifSx7ImF1dGhvcml0eSI6Im1lbnU6YWRkIn0seyJhdXRob3JpdHkiOiJtZW51OmRlbGV0ZSJ9LHsiYXV0aG9yaXR5IjoibWVudTplZGl0In0seyJhdXRob3JpdHkiOiJyb2xlIn0seyJhdXRob3JpdHkiOiJyb2xlOmFkZCJ9LHsiYXV0aG9yaXR5Ijoicm9sZTpkZWxldGUifSx7ImF1dGhvcml0eSI6InJvbGU6ZWRpdCJ9LHsiYXV0aG9yaXR5Ijoicm9sZVNldHRpbmcifSx7ImF1dGhvcml0eSI6InN5c3RlbUpvYiJ9LHsiYXV0aG9yaXR5Ijoic3lzdGVtTG9nIn0seyJhdXRob3JpdHkiOiJzeXN0ZW1NYW5hZ2UifSx7ImF1dGhvcml0eSI6InVzZXIifSx7ImF1dGhvcml0eSI6InVzZXI6YWRkIn0seyJhdXRob3JpdHkiOiJ1c2VyOmRlbGV0ZSJ9LHsiYXV0aG9yaXR5IjoidXNlcjplZGl0In0seyJhdXRob3JpdHkiOiJ1c2VyOmVuYWJsZSJ9XSwiZXhwIjoxNjAxMTg5ODEyLCJjcmVhdGVkIjoxNjAxMTg5ODA5MTA3LCJ1c2VybmFtZSI6eyJwYXNzd29yZCI6bnVsbCwidXNlcm5hbWUiOiIxMTExIiwiYXV0aG9yaXRpZXMiOlt7ImF1dGhvcml0eSI6ImNoYXQifSx7ImF1dGhvcml0eSI6ImpvYiJ9LHsiYXV0aG9yaXR5Ijoiam9iLWxvZyJ9LHsiYXV0aG9yaXR5IjoibG9nIn0seyJhdXRob3JpdHkiOiJtZW51In0seyJhdXRob3JpdHkiOiJtZW51OmFkZCJ9LHsiYXV0aG9yaXR5IjoibWVudTpkZWxldGUifSx7ImF1dGhvcml0eSI6Im1lbnU6ZWRpdCJ9LHsiYXV0aG9yaXR5Ijoicm9sZSJ9LHsiYXV0aG9yaXR5Ijoicm9sZTphZGQifSx7ImF1dGhvcml0eSI6InJvbGU6ZGVsZXRlIn0seyJhdXRob3JpdHkiOiJyb2xlOmVkaXQifSx7ImF1dGhvcml0eSI6InJvbGVTZXR0aW5nIn0seyJhdXRob3JpdHkiOiJzeXN0ZW1Kb2IifSx7ImF1dGhvcml0eSI6InN5c3RlbUxvZyJ9LHsiYXV0aG9yaXR5Ijoic3lzdGVtTWFuYWdlIn0seyJhdXRob3JpdHkiOiJ1c2VyIn0seyJhdXRob3JpdHkiOiJ1c2VyOmFkZCJ9LHsiYXV0aG9yaXR5IjoidXNlcjpkZWxldGUifSx7ImF1dGhvcml0eSI6InVzZXI6ZWRpdCJ9LHsiYXV0aG9yaXR5IjoidXNlcjplbmFibGUifV0sImFjY291bnROb25FeHBpcmVkIjp0cnVlLCJhY2NvdW50Tm9uTG9ja2VkIjp0cnVlLCJjcmVkZW50aWFsc05vbkV4cGlyZWQiOnRydWUsImVuYWJsZWQiOnRydWV9fQ.lqu0DH125JssRfmyvVc2Ddj7fVSN5OP9G9neecBn36bf1io0qAeQTt9JJ2KHyzV3c-Wv6R1hAXYV6RQVX14vhw) request: SecurityContextHolderAwareRequestWrapper[ org.springframework.security.web.header.HeaderWriterFilter$HeaderWriterRequest@6a49129e] response: org.springframework.security.web.header.HeaderWriterFilter$HeaderWriterResponse@32568ddc','127.0.0.1','内网IP|0|0|内网IP|内网IP','2020-09-27 14:56:49'),(975675,NULL,'获取用户信息',11,'/system-user/get-user-info',' userLoginRequest: UserLoginRequest(username=null, password=null, token=eyJ0eXAiOiJKV1QiLCJhbGciOiJIUzI1NiJ9.eyJleHAiOjE2MDA5OTY1NTcsInVzZXJuYW1lIjoiMTExMSJ9._Ip45pzK_XyUibOaNOWlQdQglZ21LqJnR69S_2X9NAY) request: org.apache.catalina.connector.RequestFacade@181cd0db response: org.apache.catalina.connector.ResponseFacade@5308aacb','127.0.0.1','内网IP|0|0|内网IP|内网IP','2020-09-25 10:16:02'),(982597,'1111','获取用户信息',30,'/system-user/get-user-info',' userLoginRequest: UserLoginRequest(username=null, password=null, token=eyJhbGciOiJIUzUxMiJ9.eyJzdWIiOiIxMTExIiwiZXhwIjoxNjAxMjM1MjU1LCJjcmVhdGVkIjoxNjAxMTkyMDU1MzI3LCJhdXRob3JpdGllcyI6W3siYXV0aG9yaXR5IjoiY2hhdCJ9LHsiYXV0aG9yaXR5Ijoiam9iIn0seyJhdXRob3JpdHkiOiJqb2ItbG9nIn0seyJhdXRob3JpdHkiOiJsb2cifSx7ImF1dGhvcml0eSI6Im1lbnUifSx7ImF1dGhvcml0eSI6Im1lbnU6YWRkIn0seyJhdXRob3JpdHkiOiJtZW51OmRlbGV0ZSJ9LHsiYXV0aG9yaXR5IjoibWVudTplZGl0In0seyJhdXRob3JpdHkiOiJyb2xlIn0seyJhdXRob3JpdHkiOiJyb2xlOmFkZCJ9LHsiYXV0aG9yaXR5Ijoicm9sZTpkZWxldGUifSx7ImF1dGhvcml0eSI6InJvbGU6ZWRpdCJ9LHsiYXV0aG9yaXR5Ijoicm9sZVNldHRpbmcifSx7ImF1dGhvcml0eSI6InN5c3RlbUpvYiJ9LHsiYXV0aG9yaXR5Ijoic3lzdGVtTG9nIn0seyJhdXRob3JpdHkiOiJzeXN0ZW1NYW5hZ2UifSx7ImF1dGhvcml0eSI6InVzZXIifSx7ImF1dGhvcml0eSI6InVzZXI6YWRkIn0seyJhdXRob3JpdHkiOiJ1c2VyOmRlbGV0ZSJ9LHsiYXV0aG9yaXR5IjoidXNlcjplZGl0In0seyJhdXRob3JpdHkiOiJ1c2VyOmVuYWJsZSJ9XX0.gRLyXj8apyijJrvmiSqOqNSSjAaUB5EZltyZ-J7QTBhEuroLaOvbE_3iuAUmPaHAHAXSNqjXAFJDK2SqCEkotg) request: SecurityContextHolderAwareRequestWrapper[ org.springframework.security.web.header.HeaderWriterFilter$HeaderWriterRequest@13aeeb93] response: org.springframework.security.web.header.HeaderWriterFilter$HeaderWriterResponse@154ec13c','127.0.0.1','内网IP|0|0|内网IP|内网IP','2020-09-27 15:55:32'),(984369,NULL,'用户登录',168,'/system-user/user-login',' userLoginRequest: UserLoginRequest(username=1111, password=123456, token=null) request: SecurityContextHolderAwareRequestWrapper[ org.springframework.security.web.header.HeaderWriterFilter$HeaderWriterRequest@26586d64] response: org.springframework.security.web.header.HeaderWriterFilter$HeaderWriterResponse@38eb2d46','127.0.0.1','内网IP|0|0|内网IP|内网IP','2020-09-27 14:56:49'),(985584,NULL,'获取全部任务日志',8,'/system-job-log/get-all-job-log',' jobLogSearchVO: JobLogSearchVO(jobBeanName=null, jobMethodName=null, status=null, startTime=null, endTime=null)','127.0.0.1','内网IP|0|0|内网IP|内网IP','2020-09-25 10:51:50'),(987848,'1111','启用或停用任务',21,'/system-job/update-job-status',' jobId: \"500905\" status: \"0\"','127.0.0.1','内网IP|0|0|内网IP|内网IP','2020-09-25 14:24:39'),(989545,'1111','获取用户信息',66,'/system-user/get-user-info',' userLoginRequest: UserLoginRequest(username=null, password=null, token=eyJ0eXAiOiJKV1QiLCJhbGciOiJIUzI1NiJ9.eyJleHAiOjE2MDA3NjM5NjUsInVzZXJuYW1lIjoiMTExMSJ9.j03ewiItPLxEW7k88Z9sRnqsR9hCfj1OG_eQX29M0aY) request: org.apache.catalina.connector.RequestFacade@47c71212 response: org.apache.catalina.connector.ResponseFacade@34fd71cf','127.0.0.1','内网IP|0|0|内网IP|内网IP','2020-09-22 17:02:19'),(991193,NULL,'获取全部任务日志',6,'/system-job-log/get-all-job-log',' jobLogSearchVO: JobLogSearchVO(jobBeanName=null, jobMethodName=null, status=null, startTime=null, endTime=null)','127.0.0.1','内网IP|0|0|内网IP|内网IP','2020-09-25 10:50:38'),(993295,'1111','获取全部任务日志',5,'/system-job-log/get-all-job-log',' jobLogSearchVO: JobLogSearchVO(beanName=null, methodName=null, status=null, createTime=null, updateTime=null)','127.0.0.1','内网IP|0|0|内网IP|内网IP','2020-09-25 10:14:37'),(997652,NULL,'获取用户信息',17,'/system-user/get-user-info',' userLoginRequest: UserLoginRequest(username=null, password=null, token=eyJ0eXAiOiJKV1QiLCJhbGciOiJIUzI1NiJ9.eyJleHAiOjE2MDA5OTY1NTcsInVzZXJuYW1lIjoiMTExMSJ9._Ip45pzK_XyUibOaNOWlQdQglZ21LqJnR69S_2X9NAY) request: org.apache.catalina.connector.RequestFacade@181cd0db response: org.apache.catalina.connector.ResponseFacade@5308aacb','127.0.0.1','内网IP|0|0|内网IP|内网IP','2020-09-25 10:46:14');

/*Table structure for table `codeworld_menu` */

DROP TABLE IF EXISTS `codeworld_menu`;

CREATE TABLE `codeworld_menu` (
  `t_menu_id` bigint(20) NOT NULL COMMENT '菜单主键Id',
  `t_parent_id` bigint(20) DEFAULT NULL COMMENT '菜单上级Id',
  `t_menu_url` varchar(255) DEFAULT NULL COMMENT '菜单url',
  `t_menu_resources` varchar(255) DEFAULT NULL COMMENT '菜单编码',
  `t_menu_name` varchar(255) DEFAULT NULL COMMENT '菜单名称',
  `t_menu_type` varchar(255) DEFAULT NULL COMMENT '类型',
  `t_menu_remarks` text COMMENT '菜单简介',
  `t_menu_sort_no` int(10) DEFAULT NULL COMMENT '排序',
  `t_create_time` datetime DEFAULT NULL COMMENT '创建时间',
  `t_update_time` datetime DEFAULT NULL COMMENT '更新时间',
  PRIMARY KEY (`t_menu_id`)
) ENGINE=InnoDB DEFAULT CHARSET=utf8;

/*Data for the table `codeworld_menu` */

insert  into `codeworld_menu`(`t_menu_id`,`t_parent_id`,`t_menu_url`,`t_menu_resources`,`t_menu_name`,`t_menu_type`,`t_menu_remarks`,`t_menu_sort_no`,`t_create_time`,`t_update_time`) values (1000,0,'/system-mamage','systemManage','系统管理','menu','系统管理',1,'2020-09-18 17:05:59','2020-09-18 17:06:01'),(1001,1000,'/system-role','role','角色管理','menu','角色管理',1,'2020-09-18 17:46:46','2020-09-18 17:46:48'),(1002,1000,'/system-menu','menu','菜单管理','menu','菜单管理',1,'2020-09-18 17:48:41','2020-09-18 17:48:43'),(1003,1002,'/system-menu/add-menu','menu:add','添加菜单','button','添加菜单',1,'2020-09-18 17:50:09','2020-09-18 17:50:11'),(85834,431133,'/system-user/delete-user','user:delete','删除用户','button','删除一个用户',5,'2020-09-20 10:33:56','2020-09-20 10:33:56'),(103177,541778,'/system-job/job','job','任务管理','menu','任务管理',1,'2020-09-21 17:16:55','2020-09-22 17:06:40'),(307361,1000,'/system-log','log','日志管理','menu','日志管理',1,'2020-09-20 14:44:15','2020-09-20 14:44:15'),(399716,431133,'/system-user/enable-user','user:enable','启用用户','button','启用用户',2,'2020-09-19 14:39:10','2020-09-19 14:39:10'),(414011,1002,'/system-menu/delete-menu','menu:delete','删除菜单','button','删除菜单',2,'2020-09-21 15:44:09','2020-09-21 15:44:09'),(431133,1000,'/system-user','user','用户管理','menu','用户管理',1,'2020-09-19 14:36:18','2020-09-19 14:36:18'),(483295,103177,'/system-job/add-delete','job:delete','添加任务','button','添加任务',1,'2020-09-22 17:07:14','2020-09-22 17:07:14'),(541778,0,'/system-job','systemJob','任务调度','menu','任务调度',1,'2020-09-18 17:12:47','2020-09-21 16:47:37'),(639590,1001,'/system-user/delete-user','role:delete','删除角色','button','删除角色',3,'2020-09-19 15:21:10','2020-09-19 15:21:10'),(759155,1000,'/systemManage-chat','chat','聊天室','menu','聊天室',1,'2020-09-25 11:04:05','2020-09-25 11:04:05'),(767865,1001,'/system-role/update-role','role:edit','编辑角色','button','编辑角色',2,'2020-09-18 17:53:37','2020-09-18 17:53:37'),(789006,431133,'/system-user/update-user','user:edit','编辑用户','button','编辑用户',4,'2020-09-19 22:22:35','2020-09-19 22:22:35'),(854257,1001,'/system-role/add-role','role:add','添加角色','button','添加角色',1,'2020-09-18 17:51:28','2020-09-18 17:51:28'),(887057,431133,'/system-user/add-user','user:add','添加用户','button','添加用户',1,'2020-09-19 14:36:56','2020-09-19 14:36:56'),(948807,1002,'/system-menu/update-menu','menu:edit','编辑菜单','button','编辑菜单',3,'2020-09-21 15:44:43','2020-09-21 15:44:43'),(958791,541778,'/system-job-log','job-log','任务日志','menu','任务日志',1,'2020-09-25 09:21:36','2020-09-27 15:35:26'),(982791,1001,'/system-role/set-role','roleSetting','权限设置','button','权限设置',3,'2020-09-18 17:54:37','2020-09-18 17:54:37'),(992457,0,'/system-log','systemLog','日志管理','menu','日志管理',1,'2020-09-18 17:11:26','2020-09-18 17:11:26');

/*Table structure for table `codeworld_role` */

DROP TABLE IF EXISTS `codeworld_role`;

CREATE TABLE `codeworld_role` (
  `t_role_id` bigint(20) NOT NULL COMMENT '角色主键Id',
  `t_role_code` varchar(255) DEFAULT NULL COMMENT '角色编码',
  `t_role_name` varchar(255) DEFAULT NULL COMMENT '角色名称',
  `t_role_remarks` varchar(255) DEFAULT NULL COMMENT '角色描述',
  `t_create_time` datetime DEFAULT NULL COMMENT '创建时间',
  `t_update_time` datetime DEFAULT NULL COMMENT '更新时间',
  PRIMARY KEY (`t_role_id`)
) ENGINE=InnoDB DEFAULT CHARSET=utf8;

/*Data for the table `codeworld_role` */

insert  into `codeworld_role`(`t_role_id`,`t_role_code`,`t_role_name`,`t_role_remarks`,`t_create_time`,`t_update_time`) values (1,'admin','系统管理员','','2020-09-16 20:10:33','2020-09-19 15:45:12'),(982301,'register','注册用户','注册用户','2020-09-21 16:06:21','2020-09-21 16:06:21');

/*Table structure for table `codeworld_role_menu` */

DROP TABLE IF EXISTS `codeworld_role_menu`;

CREATE TABLE `codeworld_role_menu` (
  `t_role_menu_id` bigint(20) NOT NULL COMMENT '角色菜单主键Id',
  `t_role_id` bigint(20) DEFAULT NULL COMMENT '角色Id',
  `t_menu_id` bigint(20) DEFAULT NULL COMMENT '菜单Id',
  `t_create_time` datetime DEFAULT NULL COMMENT '创建时间',
  `t_update_time` datetime DEFAULT NULL COMMENT '更新时间',
  PRIMARY KEY (`t_role_menu_id`)
) ENGINE=InnoDB DEFAULT CHARSET=utf8;

/*Data for the table `codeworld_role_menu` */

insert  into `codeworld_role_menu`(`t_role_menu_id`,`t_role_id`,`t_menu_id`,`t_create_time`,`t_update_time`) values (30397,1,759155,'2020-09-25 11:04:14','2020-09-25 11:04:14'),(60907,1,1000,'2020-09-25 11:04:14','2020-09-25 11:04:14'),(129658,1,789006,'2020-09-25 11:04:14','2020-09-25 11:04:14'),(155796,1,948807,'2020-09-25 11:04:14','2020-09-25 11:04:14'),(174259,1,1001,'2020-09-25 11:04:14','2020-09-25 11:04:14'),(201271,982301,1003,'2020-09-21 16:06:38','2020-09-21 16:06:38'),(208652,1,639590,'2020-09-25 11:04:14','2020-09-25 11:04:14'),(347075,982301,854257,'2020-09-21 16:06:38','2020-09-21 16:06:38'),(373102,1,1002,'2020-09-25 11:04:14','2020-09-25 11:04:14'),(423722,1,85834,'2020-09-25 11:04:14','2020-09-25 11:04:14'),(652589,1,982791,'2020-09-25 11:04:14','2020-09-25 11:04:14'),(664024,1,958791,'2020-09-25 11:04:14','2020-09-25 11:04:14'),(695511,1,767865,'2020-09-25 11:04:14','2020-09-25 11:04:14'),(723020,1,541778,'2020-09-25 11:04:14','2020-09-25 11:04:14'),(731655,1,414011,'2020-09-25 11:04:14','2020-09-25 11:04:14'),(766016,1,1003,'2020-09-25 11:04:14','2020-09-25 11:04:14'),(788726,1,887057,'2020-09-25 11:04:14','2020-09-25 11:04:14'),(815802,1,992457,'2020-09-25 11:04:14','2020-09-25 11:04:14'),(838585,1,103177,'2020-09-25 11:04:14','2020-09-25 11:04:14'),(895979,1,399716,'2020-09-25 11:04:14','2020-09-25 11:04:14'),(940381,1,854257,'2020-09-25 11:04:14','2020-09-25 11:04:14'),(963115,1,307361,'2020-09-25 11:04:14','2020-09-25 11:04:14'),(990427,982301,887057,'2020-09-21 16:06:38','2020-09-21 16:06:38'),(991716,1,431133,'2020-09-25 11:04:14','2020-09-25 11:04:14');

/*Table structure for table `codeworld_user` */

DROP TABLE IF EXISTS `codeworld_user`;

CREATE TABLE `codeworld_user` (
  `t_user_id` bigint(20) NOT NULL COMMENT '用户主键Id',
  `t_user_name` varchar(255) DEFAULT NULL COMMENT '用户名',
  `t_user_email` varchar(255) DEFAULT NULL COMMENT '邮箱',
  `t_user_phone` varchar(255) DEFAULT NULL COMMENT '手机',
  `t_user_status` int(1) DEFAULT NULL COMMENT '用户状态 1--启用 0--禁用',
  `t_create_time` datetime DEFAULT NULL COMMENT '加入时间',
  `t_update_time` datetime DEFAULT NULL COMMENT '更新时间',
  PRIMARY KEY (`t_user_id`)
) ENGINE=InnoDB DEFAULT CHARSET=utf8;

/*Data for the table `codeworld_user` */

insert  into `codeworld_user`(`t_user_id`,`t_user_name`,`t_user_email`,`t_user_phone`,`t_user_status`,`t_create_time`,`t_update_time`) values (4810056,'1111','1111@qq.com','111',0,'2020-08-23 19:55:57','2020-09-18 14:43:44'),(5981588,'code','111@qq.com','12121',1,'2020-09-20 10:36:30','2020-09-20 10:36:30'),(8395971,'11','11111@qq.com','1212121',1,'2020-08-23 11:22:05','2020-09-18 09:00:37'),(9641201,'111','11@qq.com','111',0,'2020-09-19 23:16:29','2020-09-19 23:16:29');

/*Table structure for table `codeworld_user_role` */

DROP TABLE IF EXISTS `codeworld_user_role`;

CREATE TABLE `codeworld_user_role` (
  `t_user_role_id` bigint(20) NOT NULL COMMENT '用户角色表主键Id',
  `t_role_id` bigint(20) DEFAULT NULL COMMENT '角色Id',
  `t_user_id` bigint(20) DEFAULT NULL COMMENT '用户Id',
  `t_create_time` datetime DEFAULT NULL COMMENT '创建时间',
  `t_update_time` datetime DEFAULT NULL COMMENT '更新时间',
  PRIMARY KEY (`t_user_role_id`)
) ENGINE=InnoDB DEFAULT CHARSET=utf8;

/*Data for the table `codeworld_user_role` */

insert  into `codeworld_user_role`(`t_user_role_id`,`t_role_id`,`t_user_id`,`t_create_time`,`t_update_time`) values (1,1,4810056,'2020-09-16 20:11:02','2020-09-16 20:11:04'),(190401,1,5981588,'2020-09-20 10:36:30','2020-09-20 10:36:30');

/*!40101 SET SQL_MODE=@OLD_SQL_MODE */;
/*!40014 SET FOREIGN_KEY_CHECKS=@OLD_FOREIGN_KEY_CHECKS */;
/*!40014 SET UNIQUE_CHECKS=@OLD_UNIQUE_CHECKS */;
/*!40111 SET SQL_NOTES=@OLD_SQL_NOTES */;
